symbol,currency,fiscal_period,fiscal_period_end,revenue_ttm,revenue_yoy_pct,revenue_qoq_pct,gross_profit_ttm,operating_income_ttm,net_income_ttm,ebitda_ttm,eps_ttm,eps_yoy_pct,eps_qoq_pct,eps_latest_q,last_earnings_date,next_earnings_date
RELIANCE,INR,2025-Q4,2026-03-31,10572190000000.0,9.591237834212542,11.005454785677884,2805500000000.0,1212610000000.0,807750000000.0,1789490000000.0,59.6907,15.974757473959905,-8.978741626203902,12.5,2026-04-24,2026-07-17
HDFCBANK,INR,2025-Q4,2026-03-31,4954628100000.0,5.212582211861043,-7.884302561616585,,1021414500000.0,760259700000.0,,49.27,6.645021645021646,2.808112324492975,12.5,2026-04-18,2026-07-18
BHARTIARTL,INR,2025-Q4,2026-03-31,2109728000000.0,21.960028950453562,2.5964402685359453,900162000000.0,669637000000.0,266952000000.0,1196745000000.0,43.8276,-20.523849590901186,10.46771215169639,12.15,2026-05-12,2026-08-04
ICICIBANK,INR,2025-Q4,2026-03-31,3121183600000.0,5.951187109652587,10.199749733271096,,770573300000.0,542077000000.0,,74.78,7.349985644559295,17.755928282244074,19.1,2026-04-18,2026-07-18
SBIN,INR,2025-Q4,2026-03-31,7096169600000.0,6.975820605233501,-2.4612718035222834,,1110014100000.0,832987800000.0,,91.0294,4.7432203545851115,-7.854022057772833,21.32,2026-05-08,2026-07-31
TCS,INR,2026-Q1,2026-06-30,2758590000000.0,7.695160610272186,2.2306147274321764,849390000000.0,686410000000.0,497990000000.0,740790000000.0,137.639,1.067516881423239,-2.6899572993345653,36.9,2026-07-09,2026-10-14
BAJFINANCE,INR,2025-Q4,2026-03-31,825295800000.0,18.3647764826221,1.8474087160811103,491965500000.0,360873400000.0,190173900000.0,370963200000.0,30.52,13.77022291806456,37.30407523510972,8.8,2026-04-29,2026-07-30
LICI,INR,2025-Q4,2026-03-31,9777105500000.0,10.315815415255356,18.465031604973127,,546784000000.0,574531500000.0,,45.4175,18.90051547336372,81.48742381404269,-8.31,2026-05-21,2026-08-06
LT,INR,2025-Q4,2026-03-31,2858743100000.0,11.78560370784602,15.832760669393995,364857800000.001,247863800000.0,174277500000.0,291511400000.0,116.88,6.944825693110064,65.6678082191781,38.7,2026-05-05,2026-07-29
HINDUNILVR,INR,2025-Q4,2026-03-31,655470000000.0,3.8434118597614106,-0.5474119579101028,286500000000.0,136720000000.0,150400000000.0,150760000000.0,63.997,41.20266179494647,-54.76496987887538,12.5,2026-04-29,2026-07-28
SUNPHARMA,INR,2025-Q4,2026-03-31,584620400000.0,11.190138010941366,-5.855144215343023,325616500000.0,135533700000.00002,114794200000.0,164912200000.0,47.8442,5.035971223021584,-19.436491318034836,11.3,2026-05-22,2026-07-31
MARUTI,INR,2025-Q4,2026-03-31,1833160000000.0,19.882547592421833,5.126632881867422,352379000000.0,146983000000.0,146795000000.0,214400000000.0,466.9019,1.2366475606490452,-5.673528934997569,114.2,2026-04-28,2026-08-05
INFY,INR,2025-Q4,2026-03-31,1786500000000.0,9.607951408061846,2.0295081246289497,539160000000.0,368770000000.0,294400000000.0,417780000000.0,71.5364,11.147986215340246,29.953417495694833,21.676923,2026-04-23,2026-07-23
ADANIENT,INR,2025-Q4,2026-03-31,1004686100000.0,2.62921147456835,30.7004265582147,365664500000.0,78537800000.0,93394700000.0,139891200000.0,77.4502,29.161809561451328,-103.70208152645273,-1.71,2026-04-30,2026-07-29
ADANIPOWER,INR,2025-Q4,2026-03-31,537814500000.0,-1.7544881990738719,17.303701197209197,184833600000.0,148392300000.0,128343000000.0,194037600000.0,6.6552,-0.8063434337412254,62.00031109037176,2.09,2026-04-29,2026-07-22
ADANIPORTS,INR,2025-Q4,2026-03-31,387357700000.0,27.10533405216613,10.64434458333634,196297400000.0,173340300000.0,128062100000.0,228514100000.0,58.226,13.390457643622195,2.9123931623931694,15.15,2026-04-29,2026-07-29
AXISBANK,INR,2025-Q4,2026-03-31,1622119500000.0,4.03746586482052,0.5972848333223711,,322934700000.0,263848500000.0,,84.56,-6.179962276711409,8.277703604806407,22.8,2026-04-25,2026-07-18
TITAN,INR,2025-Q4,2026-03-31,875840000000.0,44.87230382426889,5.917532263141329,137700000000.0,75290000000.0,50740000000.0,83550000000.0,57.1593,51.99475616987671,-30.047443331576172,12.8,2026-05-08,2026-08-05
M&M,INR,2025-Q4,2026-03-31,1979764500000.0,24.546851889446362,6.595508526084264,550014300000.0,295772900000.0,170988500000.0,368993100000.0,152.11,32.189102285565326,-0.5037179179659411,31.1,2026-05-05,2026-07-30
KOTAKBANK,INR,2025-Q4,2026-03-31,1075637000000.0,0.6401601803900654,0.9220923356213594,,256249300000.0,192878900000.0,,19.3948,-12.86525536426698,10.147474747474746,4.0,2026-05-02,2026-07-18
ITC,INR,2025-Q4,2026-03-31,788684000000.0,2.7623127370652956,-11.086879529911759,378284900000.0,256073800000.0,206894700000.0,273179099999.99997,16.5123,-40.53050493409206,9.142131979695439,4.1,2026-05-21,2026-07-30
ULTRACEMCO,INR,2025-Q4,2026-03-31,885115300000.0,19.6733437947111,18.18528718698579,429191100000.0,123757700000.0,81656400000.0,170202300000.0,277.42,24.66953047375051,72.89321050835892,101.35,2026-04-26,2026-07-20
NTPC,INR,2025-Q4,2026-03-31,1873846300000.0,-0.3821090093059992,8.380484268092435,625265500000.0,356564200000.0,270525200000.0,552857500000.0,27.8943,15.479482678677886,90.97590276305561,9.7,2026-05-23,2026-07-27
HCLTECH,INR,2025-Q4,2026-03-31,1301440000000.0,11.18192302763658,0.3217997165800661,306150000000.0,223490000000.0,166420000000.0,267040000000.0,61.3866,-4.2480112306972355,10.058086212167526,,2026-07-13,2026-10-19
ONGC,INR,2025-Q4,2026-03-31,6622473200000.0,0.06543527786784166,3.8120584796837567,2152007299999.9998,759074000000.0,414243800000.0,1132980700000.0,32.9276,14.57780932695854,8.019845506500028,8.6,2026-05-26,2026-08-07
BAJAJFINSV,INR,2025-Q4,2026-03-31,1528945500000.0,16.1267617775456,7.2470892194215555,,654980400000.0,98009700000.0,,60.8,9.92308999591404,14.492753623188406,15.81,2026-04-30,2026-07-31
JSWSTEEL,INR,2025-Q4,2026-03-31,1854700000000.0,9.859972515756054,11.282642256093583,508870000000.0,202200000000.0,223160000000.0,298210000000.0,91.26,537.2104065131479,665.0285714285715,-6.207387,2026-05-13,2026-07-17
BEL,INR,2025-Q4,2026-03-31,276101100000.0,16.161388377596634,42.92206294512745,99057400000.0,74936600000.0,60620000000.0,80493300000.0,8.2888,13.858706850368833,40.721196130167115,3.01,2026-05-18,2026-08-03
HAL,INR,2025-Q4,2026-03-31,330888200000.0,6.803761666443411,81.09835299007638,111561100000.0,77427000000.0,91156000000.0,90975600000.0,136.3002,8.982268618909625,124.77867862811205,62.74,2026-05-14,2026-08-07
BAJAJ_AUTO,INR,2025-Q4,2026-03-31,629050000000.0,23.35631944982356,10.046684706978638,175291600000.0,124163800000.0,107442100000.0,130610700000.0,384.2835,46.567697121611786,33.05076562634996,97.0,2026-05-06,2026-07-28
NESTLEIND,INR,2025-Q4,2026-03-31,231546000000.0,14.617880995329074,19.070802394195194,99303800000.0,46756500000.0,34990800000.0,53748800000.0,18.1459,9.089214861127815,11.265619869826377,5.78,2026-04-21,2026-07-22
ETERNAL,INR,2025-Q4,2026-03-31,543640000000.0,168.55703206046536,5.988354275206865,99990000000.0,-3890000000.0,3660000000.0,12080000000.0,0.4009,-31.44664842681259,69.64285714285714,0.19,2026-04-27,2026-07-30
DMART,INR,2026-Q1,2026-06-30,712555700000.0,15.5834170470348,6.280698897186474,80854199999.9999,42938700000.0,30581300000.0,53868900000.0,46.91,13.008913514815704,30.822596630327055,13.28,2026-07-11,2026-10-12
COALINDIA,INR,2025-Q4,2026-03-31,1474431100000.0,4.7614138257849605,33.11698854003486,540379699999.99994,311053200000.0,310942900000.0,412419900000.0,50.4571,-12.056115815122485,51.45383628520504,17.6,2026-04-27,2026-08-11
POWERGRID,INR,2025-Q4,2026-03-31,467328700000.0,2.053947037407146,-5.8852335884612375,249493900000.0,249493900000.0,159279500000.0,379790700000.0,17.1275,2.9655769438867,8.67391159410627,4.9,2026-05-15,2026-08-11
ASIANPAINT,INR,2025-Q4,2026-03-31,355835400000.0,4.948796099289734,4.281934629672652,115533200000.0,54670700000.0,43253500000.0,66959200000.0,45.101,17.933927086547452,10.588235294117645,12.22,2026-05-29,2026-07-29
ADANIGREEN,INR,2025-Q4,2026-03-31,129280000000.0,14.134369206321178,33.76623376623377,86980000000.0,73960000000.0,16520000000.0,107680000000.0,10.0891,13.18771315742236,,2.9,2026-04-24,2026-07-22
SHRIRAMFIN,INR,2025-Q4,2026-03-31,481926500000.0,11.009388173577902,2.7534060917326486,253761900000.0,186391400000.0,100246700000.0,193380400000.0,53.25,4.913704783670895,19.419642857142865,11.38,2026-04-23,2026-07-24
TATASTEEL,INR,2025-Q4,2026-03-31,2321399400000.0,6.221869603309671,10.99555457314078,1005687600000.0,218033400000.0,107938700000.0,337578500000.0,8.6546,215.5618755925035,8.818072177381932,2.2,2026-07-08,2026-11-12
HINDZINC,INR,2025-Q4,2026-03-31,408440000000.0,19.83686882023296,23.35154826958106,289770000000.0,182740000000.0,138320000000.0,220640000000.0,32.736,33.603784134550615,28.52426115948598,11.9,2026-04-24,2026-07-17
GRASIM,INR,2025-Q4,2026-03-31,1754307400000.0,19.761262190860677,15.321232615024789,789222200000.0,355534400000.0,49664900000.0,432793700000.0,73.1586,23.8511049639579,88.9908256880734,-1.8,2026-05-20,2026-08-07
HINDALCO,INR,2025-Q4,2026-03-31,2749440000000.0,15.282436602710318,17.45614166954796,583650000000.0,264310000000.0,133910000000.0,352610000000.0,60.2,-16.295884315906562,26.710097719869697,11.69,2026-05-22,2026-08-07
INDIGO,INR,2025-Q4,2026-03-31,849619000000.0,5.147092492967455,-4.403137368512988,184524000000.0,101509000000.0,-23919000000.0,209591000000.0,-61.97,-133.0348099578869,-562.1126760563382,-62.4,2026-05-29,2026-08-05
EICHERMOT,INR,2025-Q4,2026-03-31,234075600000.0,24.044122128100433,-0.5552793243092947,78619400000.0,49447000000.0,55152300000.0,57850700000.0,200.74,16.465537247621253,6.963249516440994,55.4,2026-05-22,2026-08-06
ADANIENSOL,INR,2025-Q4,2026-03-31,275880300000.0,16.07660003811994,10.604117598983603,100297900000.0,71061700000.0,22825400000.0,90844000000.0,19.0009,129.03136375690073,23.803205950801495,5.85,2026-04-23,2026-07-21
IOC,INR,2025-Q4,2026-03-31,7844154300000.0,3.470441678846915,1.526579327859389,1214368000000.0,597770900000.0,420962600000.0,781973300000.0,30.569,209.59711559885758,11.172285278671854,10.5,2026-05-17,2026-07-24
SBILIFE,INR,2025-Q4,2026-03-31,1118265800000.0,-3.307489942867272,-91.09692650193197,,25617700000.0,24703400000.0,,24.633,2.3815461346633433,39.47826086956521,8.02,2026-04-21,2026-07-28
DIVISLAB,INR,2025-Q4,2026-03-31,105600000000.0,12.82051282051282,8.717357910906298,45620000000.0,29780000000.0,25680000000.0,34410000000.0,96.755,17.23146899493901,28.909167076480323,28.31,2026-05-22,2026-08-07
WIPRO,INR,2025-Q4,2026-03-31,926240000000.0,3.9686423821732126,2.8888851153431427,270048000000.0,150409000000.0,131974000000.0,178665000000.0,12.5756,0.35992179083037146,12.201279030629411,3.3,2026-04-16,2026-07-16
VAML,INR,,,,,,,,,,,,,,,
TVSMOTOR,INR,2025-Q4,2026-03-31,560695200000.0,26.324896356147786,2.014229251154822,155255100000.0,71206900000.0,30183300000.0,83933300000.0,63.5841,35.095897454420296,-8.361164391289625,21.0,2026-05-13,2026-07-23
DLF,INR,2025-Q4,2026-03-31,81940200000.0,2.506486390464443,-10.204829177020326,25627400000.0,13059500000.0,44146800000.0,14483600000.0,17.8348,1.0773773427714897,5.418192290286746,5.1,2026-05-13,2026-07-23
TORNTPHARM,INR,2025-Q4,2026-03-31,139800000000.0,21.39631816602987,27.06630336058129,68020000000.0,34400000000.0,21630000000.0,45590000000.0,63.9099,13.18698639841315,-38.74045292954488,12.8,2026-05-22,2026-07-28
SOLARINDS,INR,2025-Q4,2026-03-31,98377400000.0,30.297050159994914,19.794609782130973,39003600000.0,23745300000.0,16775500000.0,26254000000.0,185.3868,38.70599194190991,22.72177926302044,60.505,2026-05-15,2026-07-29
PIDILITIND,INR,2025-Q4,2026-03-31,146008300000.0,11.114806271693741,-3.4105948661827377,57875400000.0,31470100000.0,24489200000.0,35417200000.0,24.015,17.836113837095198,-6.270627062706269,5.8,2026-05-07,2026-08-12
VBL,INR,2026-Q1,2026-03-31,226926340000.0,6.752333977755942,56.36366749967829,89513650000.0,40135880000.0,31823560000.0,53143320000.0,9.4097,11.256015228726485,246.44728005372733,2.6,2026-04-27,2026-08-14
HYUNDAI,INR,2025-Q4,2026-03-31,707633340000.0,2.502666631303271,5.244741880081478,153371480000.0,64004900000.0,54315200000.0,85984850000.0,66.8429,-3.7044240163770246,1.6996011005937326,15.5,2026-05-08,2026-08-05
JIOFIN,INR,2025-Q4,2026-03-31,35426000000.0,70.40578762049525,13.166860884523611,27680700000.0,16544200000.0,15609000000.0,16838599999.999998,2.4584,-3.1439602868174163,1.5588096362777504,0.4,2026-04-17,2026-07-16
ICICIAMC,INR,2026-Q1,2026-06-30,,,22.223389576460537,,,,,,,26.312654572764128,,2026-07-13,2026-12-02
CUMMINSIND,INR,2025-Q4,2026-03-31,121431900000.0,16.866059905550067,-1.4317887211449074,34814400000.0,23963500000.0,23617500000.0,25949100000.0,85.2002,18.09103244862288,33.617533334093736,22.6,2026-05-27,2026-08-05
TMCV,INR,2025-Q4,2026-03-31,838540000000.0,,19.458049160067745,204680000000.0,79890000000.0,30280000000.0,99340000000.0,8.223,,154.3194400919252,5.9,2026-05-13,2026-09-02
BSE,INR,2025-Q4,2026-03-31,51481000000.0,58.15392366487258,22.206229618801306,47087900000.0,32337200000.0,24994900000.0,33926800000.000004,61.0961,87.14154439917911,31.151763262594983,19.5,2026-05-07,2026-08-12
TRENT,INR,2025-Q4,2026-03-31,200742100000.0,17.155920093891837,-5.932019472185532,60928200000.0,23122000000.0,17196500000.0,36733900000.0,32.2496,11.180214158157117,-21.928392417041902,8.516667,2026-04-22,2026-08-12
CHOLAFIN,INR,2025-Q4,2026-03-31,315387300000.0,20.59426997380009,6.928232867338938,168707100000.0,105590300000.0,52326100000.0,108429200000.0,61.78,22.118995848982006,26.42622950819673,19.2,2026-04-30,2026-07-28
IDEA,INR,2025-Q4,2026-03-31,448722000000.0,2.9856809413535976,0.07948423562660073,-20655000000.0,-31044000000.0,345517000000.0,190032000000.0,3.1923,,,-0.509585,2026-05-15,2026-08-17
TATACAP,INR,2025-Q4,2026-03-31,315160200000.0,26.978375092012524,3.158329762992565,149931900000.0,96244300000.0,48461000000.0,101619500000.0,11.8619,16.10418338781983,19.5582424262893,3.55,2026-04-23,2026-09-02
MOTHERSON,INR,2025-Q4,2026-03-31,1261036700000.0,10.945643759418777,9.232653037833591,216976500000.0,68220700000.0,38596800000.0,119029200000.0,3.6569,-11.420889448696837,46.252190947520376,1.42,2026-05-19,2026-08-18
POWERINDIA,INR,2025-Q4,2026-03-31,81477100000.0,27.60844676449076,32.26571767497035,25265300000.0,11521000000.0,9878400000.0,12563500000.0,221.626,150.51544061129448,26.4094034683303,74.1,2026-05-25,2026-07-29
ABB,INR,2026-Q1,2026-03-31,132272299999.99998,7.823266498254319,-10.484929758420696,39924700000.0,17809400000.0,29772800000.0,19350700000.0,140.4984,57.780048738306746,312.0707127575723,16.1,2026-05-08,2026-08-06
CGPOWER,INR,2025-Q4,2026-03-31,124179500000.0,25.324211346438368,8.389941266317098,27046200000.0,14261500000.0,12062700000.0,16217400000.0,7.7107,21.037595165214668,28.314718566847286,2.32,2026-05-05,2026-08-15
TECHM,INR,2025-Q4,2026-03-31,568154000000.0,7.2225378055155565,4.744601617430453,183553000000.0,71525000000.0,48109000000.0,90341000000.0,54.2,13.081577300229508,20.56962025316455,15.2,2026-04-21,2026-07-16
POLYCAB,INR,2025-Q4,2026-03-31,288056420000.0,29.080425641787194,16.075892905224627,50529620000.0,36829760000.0,26720330000.0,40688450000.0,177.0237,32.25983111858904,24.231293078542237,51.4,2026-05-06,2026-07-16
BHEL,INR,2025-Q4,2026-03-31,337821800000.0,19.205362977725773,45.28767511300468,40156000000.0,20263200000.0,16002600000.0,23421900000.0,4.5957,199.7260810017609,230.53870852657866,3.7,2026-05-04,2026-07-16
BPCL,INR,2025-Q4,2026-03-31,4552280300000.0,3.3959949737922512,-0.276024173181372,644114100000.0,333458000000.0,258434500000.0,412021700000.0,60.4824,93.76503717847268,-21.78073642604535,7.47,2026-05-19,2026-08-13
PFC,INR,2025-Q4,2026-03-31,1126929200000.0,5.786490300965984,-1.0506515148977507,428655100000.0,419407800000.0,259009600000.0,420037400000.0,78.4869,12.660082966110215,11.236397010620175,19.16,2026-05-13,2026-08-07
BANKBARODA,INR,2025-Q4,2026-03-31,1568254400000.0,2.5779652487171005,-0.027050676266906673,,249446900000.0,198464200000.0,,38.3776,-4.198983017845861,6.574759384708935,10.86,2026-05-08,2026-08-03
BRITANNIA,INR,2025-Q4,2026-03-31,191515900000.0,6.737681738559534,-5.048472580495873,69066400000.0,32561600000.0,25334900000.0,35929900000.0,105.1793,16.280481265982026,-0.2461963548769955,28.2,2026-05-07,2026-07-31
GROWW,INR,2025-Q4,2026-03-31,48177770000.0,18.901822480592415,21.76426088280447,47392030000.0,28392180000.0,20829930000.0,28870910000.0,3.2607,16.75797615211086,25.287356321839088,1.1,2026-04-20,2026-09-02
APOLLOHOSP,INR,2025-Q4,2026-03-31,252285000000.0,15.758924474626044,1.9776453515299348,82765000000.0,28932000000.0,19416000000.0,37693000000.0,134.9833,34.231469539111444,5.226397055034897,36.8,2026-05-20,2026-08-07
MUTHOOTFIN,INR,2025-Q4,2026-03-31,313481750000.0,54.23846389030453,12.769957519000904,202112280000.0,154157540000.0,105903380000.0,155530650000.0,263.7895,99.72100031042025,19.451237321818233,76.88,2026-05-13,2026-08-07
UNIONBANK,INR,2025-Q4,2026-03-31,1292354900000.0,-0.5722144111463945,2.1017801431914083,,242844900000.0,194301900000.0,,25.4535,7.805392493202191,8.494853428038281,7.0,2026-04-23,2026-07-15
ENRIN,INR,2026-Q2,2026-03-31,87353000000.0,,25.28651420796483,23130000000.0,16537000000.0,13098000000.0,17787000000.0,36.7822,,19.71797323135755,10.5,2026-05-14,2026-08-10
SIEMENS,INR,2025-Q4,2026-03-31,165638161520.0,-25.521404731178926,20.539327015950086,29553481100.0,16060746970.0,18344091720.0,18828094140.0,51.5184,-32.456853377524425,33.5610720844517,10.1,2026-05-26,2026-08-12
TMPV,INR,2025-Q4,2026-03-31,3523110000000.0,-20.395367123386716,50.406515661550756,920260000000.0,17240000000.0,823910000000.0,219760000000.0,219.9748,258.72962549229044,,4.2,2026-07-01,2026-11-04
BOSCHLTD,INR,2025-Q4,2026-03-31,200347000000.0,10.766058139920608,13.920501064352383,53179000000.0,22790000000.0,27732000000.0,26710000000.0,940.2705,37.61412100119134,7.022155671711302,192.76,2026-05-19,2026-08-10
HDFCLIFE,INR,2025-Q4,2026-03-31,1000923600000.0,3.267633185177848,-31.371048347366308,,19898200000.0,19123200000.0,,8.86,5.304443942617386,18.55670103092783,2.31,2026-04-16,2026-07-15
LODHA,INR,2025-Q4,2026-03-31,166762000000.0,21.021807757901232,0.8774745853397539,58757000000.0,45755000000.0,34282000000.0,49209000000.0,34.24,23.788864786695598,5.334728033472801,10.07,2026-04-23,2026-07-23
TATAPOWER,INR,2025-Q4,2026-03-31,624285900000.0,-4.657486923516411,6.823645132312572,157335100000.0,82839700000.0,37471900000.0,130950600000.0,11.7203,-5.625296926458871,28.725165562913908,3.1,2026-05-12,2026-07-31
PNB,INR,2025-Q4,2026-03-31,1494633000000.0,6.412284317150589,-2.703345886542,,270816599999.99997,183926900000.0,,16.0035,-2.413517650143611,0.6433329196144212,4.546363,2026-05-05,2026-07-24
LTM,INR,2026-Q1,2026-06-30,440750000000.0,13.870940239393793,2.8011725426640806,124094000000.0,68939000000.0,52303000000.0,79664000000.0,176.29,10.818456122705543,5.305774557852124,49.42,2026-07-12,2026-10-15
GVT&D,INR,2025-Q4,2026-03-31,62063100000.0,44.59171073783286,-3.7374165020227785,23157500000.0,16372000000.0,12332500000.0,16836300000.0,48.1666,102.73332603772948,20.979458145862132,13.65,2026-05-18,2026-08-06
GMRAIRPORT,INR,2025-Q4,2026-03-31,148074100000.0,42.18425924503372,-1.398837765364807,67308600000.00001,41755600000.0,1755000000.0,60122200000.0,0.1099,,99.30675909878684,0.5,2026-05-27,2026-08-05
BAJAJHLDNG,INR,2025-Q4,2026-03-31,11238700000.0,35.1698839376992,-74.6871255491945,10919600000.0,9297100000.0,96367500000.0,9616200000.0,865.8861,47.787731151385444,27.714249756020028,,,
HDFCAMC,INR,2025-Q4,2026-03-31,46222000000.0,13.84448658900027,-13.879730069102958,45278200000.0,37091500000.0,28580600000.0,37820500000.0,66.49,15.896810179536338,-19.060927892677473,14.6,2026-04-16,2026-07-15
IRFC,INR,2025-Q4,2026-03-31,273380599999.99997,0.6688880203402295,9.070235726415081,73267500000.0,72749700000.0,70091700000.0,72810200000.0,5.3646,7.824653789721231,-6.453952139231325,,2025-07-22,
INDIANB,INR,2026-Q1,2026-06-30,804244800000.0,8.919114524195436,3.633293733894734,,167946400000.0,127845300000.0,,94.9137,16.568087306597373,5.785965954917873,24.3,2026-07-10,2026-10-22
CANBK,INR,2025-Q4,2026-03-31,1530832200000.0,0.2786230229320622,10.42404567510523,,246814600000.0,197059100000.0,,21.7249,12.350607911380955,-12.931853105198634,5.0,2026-05-11,2026-07-27
CIPLA,INR,2025-Q4,2026-03-31,281625900000.0,2.232388859727265,-7.538080537368118,120361700000.0,47139400000.0,38792300000.0,59249200000.0,48.0,-26.42550582464745,-17.942583732057408,6.86,2026-05-13,2026-07-23
ZYDUSLIFE,INR,2025-Q4,2026-03-31,271484000000.0,16.81001656519588,10.525165707626192,140299000000.0,57866000000.0,50400000000.0,71946000000.0,50.0878,11.369083882902792,22.109999613765396,10.85,2026-05-19,2026-08-12
GAIL,INR,2025-Q4,2026-03-31,1415977200000.0,-0.21547743469875194,1.1462649157587117,182983800000.0,76743800000.0,75824900000.0,115094600000.0,11.534,-39.085704628514684,-15.38432738028381,1.9,2026-05-21,2026-07-30
LUPIN,INR,2025-Q4,2026-03-31,279580300000.0,23.120279726438817,4.285164185101681,147694500000.0,68728400000.0,53328400000.0,81604300000.0,116.46,62.381483547127715,24.230619400077906,34.75,2026-05-06,2026-08-11
GODREJCP,INR,2025-Q4,2026-03-31,154865100000.0,7.812568529318191,-4.846893967485704,65924100000.00001,28822000000.0,18614700000.0,31497300000.0,18.1987,0.5430819208415189,-9.165639128647756,5.3,2026-05-06,2026-08-07
MARICO,INR,2025-Q4,2026-03-31,136110000000.0,25.667066752839073,-5.767599660729432,49340000000.0,21260000000.0,17620000000.0,23280000000.0,13.5804,8.022717510619001,-12.403664388541511,3.0,2026-05-05,2026-08-04
TATACONSUM,INR,2025-Q4,2026-03-31,202904300000.0,15.166786806899642,6.291471048513301,61471100000.0,21651200000.0,15423000000.0,27918000000.0,15.5794,18.990300160391048,8.955723069798568,4.24,2026-05-08,2026-08-12
AMBUJACEM,INR,2025-Q4,2026-03-31,404460400000.0,19.28391969061593,6.985497793825855,183186300000.0,24809200000.0,45874400000.0,62394000000.0,18.5428,9.258462716907763,794.3089430894308,7.4,2026-05-04,2026-07-28
MAXHEALTH,INR,2025-Q4,2026-03-31,83734500000.0,19.13633996636532,3.645430273951401,29857700000.0,17963000000.0,14424100000.0,22428300000.0,14.76,34.18181818181818,13.268608414239488,3.5,2026-05-20,2026-08-11
JINDALSTEL,INR,2025-Q4,2026-03-31,532249199999.99994,6.952624286772104,24.498277758714266,235377400000.0,64880800000.0,33673800000.000004,96595300000.0,33.1442,18.973810412658295,448.7283607608463,15.2,2026-05-01,2026-07-24
INDUSTOWER,INR,2025-Q4,2026-03-31,324931000000.0,7.868790417889439,-0.5560806746621165,124692000000.0,108348000000.0,71449000000.0,179756000000.0,27.0946,-27.486491332774875,0.9771019571738204,6.8,2026-04-29,2026-08-04
INDHOTEL,INR,2025-Q4,2026-03-31,96892200000.0,16.25380644882621,-2.6977860349899365,56465200000.0,25708400000.0,20843800000.0,31760000000.0,14.6433,9.2669422597639,-33.58653512780912,4.2,2026-05-11,2026-08-10
ABCAPITAL,INR,2025-Q4,2026-03-31,456174000000.0,11.572858514274534,12.283797858601009,205360300000.0,65442600000.0,37645000000.0,69854900000.0,14.24,12.391475927387532,19.327731092436977,3.205,2026-05-04,2026-07-30
VEDL,INR,2025-Q4,2026-03-31,1256700000000.0,-17.84556247058208,5.306174847019555,568190000000.0,259410000000.0,173910000000.0,343890000000.0,44.17,14.163866632204716,17.22949689869057,3.161121,2026-04-28,2026-07-29
LGEINDIA,INR,2025-Q4,2026-03-31,246049120000.0,,95.74090376371343,60449220000.0,20091730000.0,16850930000.0,24052800000.0,24.83,,672.840814472788,10.2,2026-05-21,2026-09-02
MANKIND,INR,2025-Q4,2026-03-31,142776400000.0,16.27405470995904,-3.4836846826642747,61554400000.0,27312300000.0,19129300000.0,36174100000.0,46.28,-6.06860158311346,35.59150657229524,14.0,2026-05-19,2026-08-05
DRREDDY,INR,2025-Q4,2026-03-31,335933000000.0,3.194126591610733,-13.872209744694505,171516000000.0,46614000000.0,42849000000.0,67221000000.0,51.3438,-24.249894881271164,-81.78682304242841,2.64,2026-05-11,2026-07-22
OFSS,INR,2025-Q4,2026-03-31,76721000000.0,12.053806157621079,5.051121623683809,38267000000.0,34618000000.0,26393000000.0,35272000000.0,302.2,10.85026777199031,38.07135692792662,97.85,2026-04-22,2026-07-29
JSWENERGY,INR,2025-Q4,2026-03-31,189011300000.0,60.923817770206014,10.211771392732546,93211100000.0,68791400000.0,22393100000.0,100644100000.0,12.7591,14.127391611581702,-13.904254876679293,2.07,2026-05-13,2026-08-14
BHARATFORG,INR,2025-Q4,2026-03-31,168116530000.0,11.167572572359767,4.2623028579296856,61477300000.0,19557490000.0,10796610000.0,29266730000.0,22.5784,12.74430496050174,-12.060074188003258,6.9,2026-05-07,2026-08-06
LLOYDSME,INR,2025-Q4,2026-03-31,171126700000.0,157.3279660277829,19.011957106253757,74830800000.0,55346300000.0,36808400000.0,61417900000.0,66.18,147.0066585052701,37.32694355697549,25.2,2026-05-05,2026-08-06
UNITDSPR,INR,2025-Q4,2026-03-31,129420000000.0,7.233407904548844,-17.325392528424473,53370000000.0,21990000000.0,18380000000.0,24960000000.0,25.8853,16.18229884335208,28.9473237187654,7.85,2026-05-13,2026-07-22
HEROMOTOCO,INR,2025-Q4,2026-03-31,474112400000.0,15.853562581035504,3.935829939087774,120474100000.0,61901400000.0,57417300000.0,70451300000.0,286.72,31.155939801472947,15.18167456556082,69.96,2026-05-04,2026-08-06
MAZDOCK,INR,2025-Q4,2026-03-31,130063100000.0,13.772275426264097,6.922903898541831,34235199999.999996,23335400000.0,27605900000.0,24262200000.0,68.4392,14.385230695177512,-22.78842009701882,16.7,2026-04-30,2026-08-06
SHREECEM,INR,2025-Q4,2026-03-31,209434700000.0,8.61201390044926,27.09039854015815,96670600000.0,18439000000.0,17435600000.0,46378600000.0,483.2383,55.2909127952527,97.10920959177463,147.45,2026-05-05,2026-07-31
NYKAA,INR,2025-Q4,2026-03-31,100223500000.0,26.0701500159752,-7.833958639315621,34239600000.0,4216000000.0,1994400000.0,7419300000.0,0.693,199.74048442906576,22.061482820976497,0.3,2026-05-20,2026-08-18
LENSKART,INR,2025-Q4,2026-03-31,88140400000.0,,9.012228894962195,29864350000.0,7045970000.0,4936140000.0,17529810000.0,2.8581,,52.95358649789029,1.185,2026-05-20,2026-09-02
RECLTD,INR,2025-Q4,2026-03-31,584447600000.0,5.526986184204706,-2.1791948160971684,307935400000.0,303412000000.0,163081600000.0,303682500000.0,61.805,2.673105643407604,-17.541716483859233,12.725,2026-04-28,2026-07-24
ASHOKLEY,INR,2025-Q4,2026-03-31,563620800000.0,16.060122525808318,16.29238636731435,166350600000.0,96074400000.0,34710300000.0,107450000000.0,5.9154,11.911158197434634,58.856235107227974,2.39,2026-05-27,2026-08-13
ICICIGI,INR,2025-Q4,2026-03-31,270881800000.0,12.682992169482613,-0.9240501573558438,,36476700000.0,27719400000.0,,55.3,10.071656050955404,-17.123287671232877,11.33,2026-04-16,2026-07-15
AUROPHARMA,INR,2025-Q4,2026-03-31,336530800000.0,6.081724942180506,2.3992875235660835,131963600000.0,50776100000.0,35047400000.0,68558000000.0,60.3413,0.7708789456192953,1.1944260119442531,15.86,2026-05-20,2026-08-06
MEESHO,INR,2025-Q4,2026-03-31,126263480000.0,,0.3870254645357429,9689860000.00001,-15339600000.0,-13577380000.0,-14871390000.0,-3.0746,,66.88741721854305,-0.4,2026-05-06,2026-09-02
IDBI,INR,2025-Q4,2026-03-31,356311700000.0,4.61678716922964,13.960062790288339,,116579900000.0,92099700000.0,,8.5655,20.69694364986543,2.7126664465720327,,2022-10-21,
PAYTM,INR,2025-Q4,2026-03-31,84365000000.0,22.26102834618283,3.1905195989061075,18872000000.0,-676000000.0,5525000000.0,5005000000.0,8.5,,-18.20809248554913,2.6,2026-05-06,2026-07-17
HINDPETRO,INR,2025-Q4,2026-03-31,4417713400000.0,1.7657362483468042,-0.1875675187489362,456541200000.0,233585100000.0,180468900000.0,307060000000.0,84.8094,167.91447904622908,51.17679197542979,23.04,2026-05-12,2026-08-05
WAAREEENER,INR,2025-Q4,2026-03-31,265367700000.0,83.71544427718351,12.097738944223766,68753900000.0,49274400000.0,37113100000.0,59171600000.0,128.84,98.53242562738653,-0.1355380862022151,36.9,2026-04-29,2026-08-03
LAURUSLABS,INR,2025-Q4,2026-03-31,68129000000.0,22.667430085920675,1.871460785361218,27419400000.0,12976600000.0,8887900000.0,17777100000.0,16.4524,147.71741748976152,11.19569892473118,5.2,2026-04-30,2026-07-24
SRF,INR,2025-Q4,2026-03-31,157865100000.0,7.4418756597498,24.313338882110045,46107600000.0,27459100000.0,18351800000.0,35979800000.0,61.9117,46.72583569337962,34.53024479477113,19.63,2026-05-04,2026-07-29
DIXON,INR,2025-Q4,2026-03-31,488728000000.0,25.76601707149493,-1.509428304498205,24914900000.0,14735400000.0,14386400000.0,18665200000.0,243.5907,33.45797556902605,3.138748135219327,48.81,2026-05-11,2026-07-28
FEDERALBNK,INR,2025-Q4,2026-03-31,342724200000.0,7.000163907556138,7.4008956670226125,,58634500000.0,43453000000.0,,17.48,4.047619047619046,22.27272727272726,5.05,2026-04-28,2026-07-17
LTF,INR,2026-Q1,2026-06-30,182412100000.0,12.556081481742009,10.668677573428011,109551200000.0,65441800000.0,31825500000.0,67758600000.00001,12.67,19.303201506591343,11.838006230529592,3.6,2026-07-10,2026-10-21
AUBANK,INR,2025-Q4,2026-03-31,216142777000.0,16.040911803989566,5.481930127658642,,34740457000.0,26412544000.0,,35.14,24.521615875265777,24.12626832018039,11.1,2026-04-27,2026-07-20
BHARTIHEXA,INR,2025-Q4,2026-03-31,93538000000.0,9.428046654733912,2.2840918721925587,32827000000.0,26772000000.0,17332000000.0,48904000000.0,34.66,16.028387787895007,-5.742030821194854,8.9,2026-05-13,2026-08-10
NHPC,INR,2025-Q4,2026-03-31,116152900000.0,11.902183651802625,26.783985446227142,73203600000.0,33008000000.0,37657400000.0,52766500000.0,3.7452,24.470736814118112,564.8326455754242,1.5,2026-05-15,2026-08-07
PERSISTENT,INR,2025-Q4,2026-03-31,147484490000.0,23.534622690193594,7.350898111669431,34180510000.000004,24124760000.0,18651200000.0,28154260000.0,118.8449,31.782955191872457,20.078740157480297,33.6,2026-04-21,2026-07-16
ATGL,INR,2025-Q4,2026-03-31,58944100000.0,17.89150096202694,3.3084552360102166,15672300000.0,9514600000.0,6557200000.0,11946000000.0,5.9621,0.1999932775369011,6.107452339688047,1.5,2024-04-30,2026-07-21
NTPCGREEN,INR,2025-Q4,2026-03-31,28584200000.0,30.482018677459145,39.69753095868603,13731100000.0,13731100000.0,5226000000.0,24750600000.0,0.6163,5.045167888188164,1011.1111111111112,0.2,2026-05-22,2026-08-03
INDUSINDBK,INR,2025-Q4,2026-03-31,534798699999.99994,-5.107038739772999,-2.7599219576638676,,12104600000.0,8893400000.0,,11.3568,-65.62337300674407,379.2452830188679,6.84,2026-04-23,2026-07-22
DABUR,INR,2025-Q4,2026-03-31,131925700000.00002,5.010550748263378,-14.629986090230846,45242300000.0,19829100000.0,18950300000.0,24518400000.0,10.6615,7.131373218915169,-34.28571428571429,2.07,2026-05-07,2026-07-29
NAUKRI,INR,2025-Q4,2026-03-31,32847320000.0,15.271914768326658,6.0520078983273535,17279860000.0,10496370000.0,14498140000.0,11722150000.0,21.96,48.17813765182187,108.1145584725537,4.555,2026-05-22,2026-08-07
NAM_INDIA,INR,2025-Q4,2026-03-31,29330700000.0,16.35842140340855,-9.653449490743707,28074600000.0,19719600000.0,15293800000.0,20122400000.0,23.6,17.94102948525737,-4.662379421221866,6.03,2026-04-27,2026-07-22
PHOENIXLTD,INR,2025-Q4,2026-03-31,44228043000.0,15.97534427622978,9.9898206669626,33252580000.0,22767898000.0,12238164000.0,26370985000.0,34.2255,15.669674541214635,46.259870596320155,11.345,2026-04-27,2026-08-05
SWIGGY,INR,2025-Q4,2026-03-31,230530000000.0,51.397983352329504,3.822381262199089,32040000000.0,-44480000000.0,-41540000000.0,-32310000000.0,-17.4469,-28.786972857659563,23.394495412844048,-3.15,2026-05-08,2026-07-30
YESBANK,INR,2025-Q4,2026-03-31,372927500000.0,0.5856409144337977,2.2198351867010486,,46434200000.0,35117000000.0,,1.1096,42.18349564325986,13.333333333333346,0.34,2026-04-19,2026-07-18
NMDC,INR,2025-Q4,2026-03-31,320708900000.0,34.156839089883846,49.04011278724022,130840900000.0,87823000000.0,74504200000.0,92595200000.0,8.4784,13.94167450611478,15.615615615615619,2.3,2026-05-29,2026-08-07
PRESTIGE,INR,2025-Q4,2026-03-31,131955000000.0,70.58367267791351,6.64007206279758,71800000000.0,33131000000.0,11955000000.0,42192000000.0,27.7588,141.51107553637615,12.422600619195036,5.8,2026-05-21,2026-08-11
HAVELLS,INR,2025-Q4,2026-03-31,225277700000.0,3.4425013063606213,19.995203914178695,50325700000.0,17696100000.0,16905599999.999998,22015300000.0,26.9455,14.870424132359645,140.65344467640918,11.7,2026-04-22,2026-07-17
SUZLON,INR,2025-Q4,2026-03-31,167318400000.0,53.64774549254619,29.677367572454788,45102000000.0,27437400000.0,31633900000.0,30621900000.0,2.3039,52.41465996295316,149.461040960887,0.75,2026-05-25,2026-08-06
ICICIPRULI,INR,2025-Q4,2026-03-31,645946700000.0,-8.374392132370495,-81.50217940337598,,28618200000.0,16078800000.0,,11.04,35.128518971848216,60.902255639097746,4.28,2026-04-13,2026-07-15
BAJAJHFL,INR,2025-Q4,2026-03-31,111621900000.0,16.723291452951234,0.5772615764161273,43423800000.0,35357400000.0,25603400000.0,35830700000.0,3.0738,14.723995073340046,0.6513841914067372,0.8,2026-04-27,2026-07-29
POLICYBZR,INR,2025-Q4,2026-03-31,67940200000.0,36.50257875396055,16.38370550207492,39956400000.0,3732800000.0,6699400000.0,5092500000.0,14.4,88.9763779527559,37.50000000000001,5.607479,2026-05-06,2026-08-11
FORTIS,INR,2025-Q4,2026-03-31,91278400000.0,17.282965532748705,4.399980574037201,33432699999.999996,16355500000.0,10417800000.0,20849800000.0,13.7978,34.547050219405165,37.173142122286734,3.7,2026-05-22,2026-08-06
TORNTPOWER,INR,2025-Q4,2026-03-31,289663100000.0,-0.6821471846985078,-5.485499131733126,60561800000.0,39286300000.0,24164300000.0,55413800000.0,47.9542,-21.418505263433882,-50.51951104842502,6.6,2026-05-12,2026-08-06
MCX,INR,2025-Q4,2026-03-31,24290500000.0,100.9372466621445,32.73801839021102,23506500000.0,18589600000.0,13315500000.0,19370000000.0,52.2824,137.60083256454422,31.851118640626403,20.8,2026-05-08,2026-07-27
OBEROIRLTY,INR,2025-Q4,2026-03-31,63042700000.0,15.163942661627242,16.77423898984466,39084600000.0,35225300000.0,25074300000.0,36533600000.0,68.9566,12.661296910484085,12.978971962616809,19.3,2026-05-08,2026-07-16
IDFCFIRSTB,INR,2025-Q4,2026-03-31,484223900000.0,11.371396765742912,-2.862544141719137,,18070000000.0,16105600000.0,,1.88,-7.589461266221013,-29.629629629629633,0.4,2026-04-25,2026-07-25
SAIL,INR,2025-Q4,2026-03-31,1108108400000.0,8.13022679950421,12.575416255349559,383355600000.0,60123100000.0,33728000000.0,119999900000.0,8.1619,42.13890146633692,390.3368304803976,4.7,2026-05-15,2026-08-06
OIL,INR,2025-Q4,2026-03-31,339461300000.0,4.409537506828147,11.562660187344914,165005900000.0,77335400000.0,66199399999.99999,104455100000.0,40.6999,1.0585097930157663,75.71558846347538,11.0,2026-05-14,2026-08-06
PIRAMALFIN,INR,2025-Q4,2026-03-31,100003600000.0,69.49015806083122,-16.072212506567062,27073700000.0,-3725600000.0,15043100000.0,5302400000.0,65.9,295.2284708436539,25.77142857142858,22.05,2026-04-27,2026-09-02
ALKEM,INR,2025-Q4,2026-03-31,147122700000.0,13.481023593623211,-3.572556344699504,64003300000.0,26231500000.0,23018000000.0,30052100000.0,192.315,6.184971608916408,-62.69930964478498,19.8,2026-05-28,2026-08-07
BIOCON,INR,2025-Q4,2026-03-31,169270000000.0,10.911628455545582,8.23388449556674,58853000000.0,14814000000.0,3856000000.0,34381000000.0,2.752,-67.39297858979371,-26.16822429906542,1.2,2026-05-07,2026-08-06
JSWINFRA,INR,2025-Q4,2026-03-31,53614400000.0,19.778201754189993,12.794333387668006,22231100000.0,19896100000.0,15233100000.0,26037300000.0,7.2984,1.5076495132127898,16.08334784375181,2.0,2026-05-08,2026-07-16
UNOMINDA,INR,2025-Q4,2026-03-31,196575900000.0,17.18656946420811,6.344085164386238,37444200000.0,15476700000.0,11971300000.0,22512300000.0,20.75,26.678876678876684,17.745302713987464,5.7,2026-05-16,2026-08-14
IOB,INR,2025-Q4,2026-03-31,375356600000.0,11.215748833121829,1.1196722769185592,,62701500000.0,54205800000.0,,2.8149,57.63566108528869,9.040615301578743,,2022-02-02,
BANKINDIA,INR,2025-Q4,2026-03-31,856495700000.0,6.512835576186967,6.892958158884261,,140715000000.0,103063000000.0,,22.6379,7.938816281963863,9.795700317295864,6.62,2026-05-08,2026-08-04
NATIONALUM,INR,2025-Q4,2026-03-31,178430500000.0,6.286891002482185,5.957999978862596,100807300000.0,71957200000.0,57970100000.0,79467800000.0,31.565,10.049298180778592,7.999815778565845,9.4,2026-04-30,2026-08-06
MAHABANK,INR,2026-Q1,2026-06-30,340080700000.0,15.230735451675226,4.25687815898388,,84334200000.0,75358000000.0,,9.7975,28.38740958171716,-1.053185887309111,2.63,2026-07-09,2026-11-14
COFORGE,INR,2025-Q4,2026-03-31,163128000000.0,33.80799265043638,6.262983214345407,54283000000.0,22746000000.0,15557000000.0,29565000000.0,45.93,88.9656874845717,145.2574525745258,18.2,2026-05-05,2026-07-27
GLENMARK,INR,2025-Q4,2026-03-31,169825110000.0,27.479676078350124,-3.3335512476878644,80837140000.0,34088360000.0,13618510000.0,39823170000.0,48.2409,30.008004074801736,-25.210084033613445,10.68,2026-06-01,2026-08-13
GODREJPROP,INR,2025-Q4,2026-03-31,84108800000.0,21.53765900476707,268.2049446722897,53464500000.0,27473400000.0,18502400000.0,28629200000.0,61.4218,24.612600476362438,232.906332474187,21.585,2026-05-04,2026-08-04
GICRE,INR,2025-Q4,2026-03-31,524028600000.0,5.229373457540056,14.330090872523268,,95096000000.0,96623800000.0,,55.0795,30.023464868795045,46.804660336308736,15.8,2026-05-26,2026-08-07
SCHAEFFLER,INR,2026-Q1,2026-03-31,100970800000.0,18.320626788505752,-5.086263857279201,29472600000.0,14974200000.0,12148000000.0,18485000000.0,77.7205,25.139073828680363,-1.9516097750193944,20.2,2026-04-29,2026-07-24
HDBFS,INR,2025-Q4,2026-03-31,184297000000.0,13.063701973217636,1.5384615384615385,114002000000.0,62010000000.0,25436000000.0,64103000000.0,30.8675,12.861060329067634,16.274572993876884,9.0,2026-04-15,2026-09-02
COROMANDEL,INR,2025-Q4,2026-03-31,314795400000.0,30.700545230190773,-31.616900830917654,62280300000.0,26824400000.0,19561500000.0,32160600000.0,66.31,-5.43246357631006,-72.28704784130689,4.8,2026-05-07,2026-07-23
LINDEINDIA,INR,2025-Q4,2026-03-31,25306400000.0,1.8212133697275583,-12.367588447921214,13445630000.0,7642470000.0,5489610000.0,9991170000.0,64.3675,20.690269402694042,-59.94406285429432,,2026-05-30,2026-08-11
JSL,INR,2025-Q4,2026-03-31,429546600000.0,9.265441958109198,7.793069678775,75056800000.0,45001300000.0,31934500000.0,55604300000.0,38.71,27.366949082832946,1.6915422885572133,10.2,2026-05-03,2026-07-27
MOTILALOFS,INR,2025-Q4,2026-03-31,94164300000.0,12.438609961156958,26.983340879933586,52336100000.0,25321100000.0,18691700000.0,26427800000.0,30.6034,-25.718640850694065,-139.91965255157436,,2026-04-29,2026-07-23
SBICARD,INR,2025-Q4,2026-03-31,207123300000.0,11.138041421763006,-3.1079197970643064,162916500000.0,78764000000.0,21666700000.0,80126400000.0,22.7666,13.015895078581853,9.407320033505991,6.4,2026-04-27,2026-07-24
BERGEPAINT,INR,2025-Q4,2026-03-31,118802500000.0,2.9064393995171813,-3.8854278025583366,37481000000.0,14412100000.0,11268700000.0,18333000000.0,9.6635,-4.558967318841285,23.409012727898176,2.9,2026-05-12,2026-08-06
ABBOTINDIA,INR,2025-Q4,2026-03-31,69290500000.0,8.111840103601882,-0.842787870351047,25265500000.0,18512200000.0,15520200000.0,19271800000.0,730.3808,9.725982801231952,5.0426105052784065,185.8,2026-05-11,2026-08-12
TIINDIA,INR,2025-Q4,2026-03-31,228474300000.0,17.37909492336107,7.132403262201796,49296800000.0,16116300000.0,6368400000.0,22759100000.0,32.896,-5.198847262247844,-48.4926264700392,14.9,2026-05-13,2026-07-30
THERMAX,INR,2025-Q4,2026-03-31,106868000000.0,2.8695629574084895,30.112195788482854,30699200000.0,8320000000.0,7205000000.0,10396400000.0,63.9551,13.552204991992497,19.63005053291259,21.0,2026-05-07,2026-07-30
MRF,INR,2025-Q4,2026-03-31,311490600000.0,10.641355612403288,-0.07713873668859925,78272000000.0,31475000000.0,24201900000.0,49011300000.0,5706.4533,29.470998701377006,1.5059266759144672,1569.0,2026-05-07,2026-08-12
APARINDS,INR,2025-Q4,2026-03-31,229021200000.0,23.254190658197178,20.495170382482364,42222800000.0,16923500000.0,9769800000.0,18534800000.0,242.82,18.757492036616163,21.263482280431433,65.0,2026-05-28,2026-07-23
MFSL,INR,2025-Q4,2026-03-31,476964300000.0,2.5694825853229073,-24.264706397718438,376146000000.0,1185900000.0,839700000.0,4532400000.0,2.8049,-70.56181190373736,-138.48319879857328,1.780079,2026-05-12,2026-08-13
COLPAL,INR,2025-Q4,2026-03-31,60350400000.0,-0.08493138438156542,7.349289766036618,35770100000.0,17236000000.0,13253100000.0,18696600000.0,48.7272,-7.760280312796368,9.097016930932543,13.6,2026-05-22,2026-08-14
VMM,INR,2025-Q4,2026-03-31,129063200000.0,20.441424701059592,-15.156558761403014,22663360000.0,12101980000.0,8392270000.0,18836210000.0,1.78,28.612716763005793,-45.45454545454546,0.4,2026-05-14,2026-08-19
FACT,INR,2025-Q4,2026-03-31,57237600000.0,41.295659493792755,-5.357051739973467,9339300000.00001,335000000.0,-396000000.0,692000000.0,-0.6108,-195.85687382297553,,,,
RADICO,INR,2025-Q4,2026-03-31,60504259000.0,24.721363228513198,-2.7821512976763145,23442342000.0,8614598000.0,6044786000.0,10144831000.0,45.13,74.79781860998358,16.003460207612452,13.1,2026-05-06,2026-07-23
TATACOMM,INR,2025-Q4,2026-03-31,248027200000.0,6.958343431451102,5.90049717481261,56752200000.0,19957200000.0,10437600000.0,48224600000.0,36.5822,-31.6298515496364,-27.968749999999996,9.22,2026-04-22,2026-07-22
KRT.RR,INR,2025-Q4,2026-03-31,31029560000.0,,0.6128351389983568,17378290000.0,14851730000.0,3754360000.0,25356550000.0,0.8211,,-47.969052224371374,,2026-05-13,2026-09-02
APLAPOLLO,INR,2025-Q4,2026-03-31,224603600000.0,8.559010978494447,7.80773602653767,29685900000.0,15709100000.0,12031000000.0,18018400000.0,43.327,58.83262947973486,14.269338921426385,9.7,2026-07-01,2026-11-04
SUNDARMFIN,INR,2025-Q4,2026-03-31,98164100000.0,15.343065487590799,2.271280574165725,46989200000.0,33094800000.000004,20588600000.0,35551600000.0,186.8056,9.541300758087514,2.3628138780196872,54.76,2026-05-25,2026-08-10
PREMIERENE,INR,2025-Q4,2026-03-31,78243740000.0,20.028839907068,15.173997554305165,24847140000.0,19247310000.0,15097680000.0,23772300000.0,33.4601,60.94788690390294,16.68987421890284,10.1,2026-05-15,2026-07-27
UPL,INR,2025-Q4,2026-03-31,518390000000.0,11.154233762892124,49.441682288695084,168970000000.0,70940000000.0,19220000000.0,103380000000.0,22.763,133.64399646911505,168.22294298395357,12.57,2026-05-11,2026-07-31
BDL,INR,2025-Q4,2026-03-31,24417918000.0,-27.00286596475822,-15.252623226710039,6077976000.0,1474379000.0,4203376000.0,2233665000.0,11.4694,-23.509796860203007,55.323213029053974,3.1,2026-05-28,2026-08-07
KALYANKJIL,INR,2025-Q4,2026-03-31,357428600000.0,42.57576942771498,-0.6620152701955263,33411589999.999996,20683370000.0,13503950000.0,24911940000.0,13.0643,88.60240511628578,-2.016719172475373,4.0,2026-05-08,2026-08-12
KEI,INR,2025-Q4,2026-03-31,117477650000.0,20.834430478698238,17.65632022700074,22955500000.0,11378790000.0,9184330000.0,12290440000.0,96.02,27.533536990304142,21.059063136456206,29.7,2026-05-04,2026-07-28
RVNL,INR,2025-Q4,2026-03-31,204121200000.0,2.455000524519136,42.93878056382167,10408800000.0,7226700000.0,8747200000.0,7590400000.0,4.198,-31.692077387441614,-41.871730284828516,0.9,2026-05-25,2026-08-06
HINDCOPPER,INR,2025-Q4,2026-03-31,30778300000.0,48.618515084791596,68.19623476008962,21231700000.0,11657900000.0,9185400000.0,13662300000.0,9.4944,97.39698116345795,184.10497647932658,,2026-05-15,
GODREJIND,INR,2025-Q4,2026-03-31,222368500000.0,13.121972833654077,52.31499903983023,58295600000.0,17401400000.0,12405200000.0,22415000000.0,36.8235,26.38358336508069,117.18369228742671,,,
M&MFIN,INR,2025-Q4,2026-03-31,210867300000.0,13.79496245640961,1.7422112907003982,104494500000.0,63720600000.0,28545300000.0,67581399999.99999,20.8035,16.9511249030256,13.838111298482305,6.3,2026-04-24,2026-07-21
ATHERENERG,INR,2025-Q4,2026-03-31,36717600000.0,,23.181627516778526,1195900000.0,-5812800000.0,-5171300000.0,-4083800000.0,-13.6762,,-18.01801801801801,-2.6,2026-05-04,2026-09-02
360ONE,INR,2025-Q4,2026-03-31,44772600000.0,21.59858772406301,-4.121345256928335,31446600000.0,15844600000.0,12161700000.0,17396800000.0,29.18,11.843618244538137,-12.404092071611261,7.25,2026-04-21,2026-07-16
IPCALAB,INR,2025-Q4,2026-03-31,96463300000.0,7.90573169463029,-0.16802507836990596,42586700000.0,15155600000.0,11411200000.0,19336800000.0,44.9784,54.69040183791667,-8.33657330368113,11.8,2026-05-29,2026-08-17
PATANJALI,INR,2025-Q4,2026-03-31,403378543000.0,18.2145240838331,6.408920833982594,45169139000.0,15045196000.0,18144747000.0,17529252000.0,16.68,39.25413880331606,-11.559633027522933,3.3,2026-05-30,2026-08-07
MPHASIS,INR,2025-Q4,2026-03-31,158796470000.0,11.592842635766287,5.998357558963858,24281140000.0,24281140000.0,18626020000.0,29833870000.0,97.49,9.232492997198873,15.348032857760488,26.68,2026-04-28,2026-07-23
AEGISLOG,INR,2025-Q4,2026-03-31,83332100000.0,23.20326325920824,50.36455314709632,16228700000.0,12525300000.0,8981500000.0,14518500000.0,25.5869,35.38472120808068,132.0411282478811,11.7,2026-05-29,2026-08-05
PAGEIND,INR,2025-Q4,2026-03-31,52467758000.0,6.319595121247917,-9.674203218429529,20378520000.0,10462302000.0,7638232000.0,11528599000.0,684.8046,4.756346757087758,-5.701682116274573,160.2,2026-05-21,2026-08-06
NLCINDIA,INR,2025-Q4,2026-03-31,174895300000.0,14.454806805695803,13.490957788005986,91935600000.0,32098700000.0,35222000000.0,55884500000.0,25.4018,34.371197934850464,109.2355096602265,10.05,2026-05-13,2026-08-07
AIAENG,INR,2025-Q4,2026-03-31,44198640000.0,3.0885558642528244,18.687665680433994,21120891000.0,11435968000.0,12701582000.0,12562911000.0,135.7683,20.064467918588264,33.599581609851185,42.1,2026-05-26,2026-08-18
AIIL,INR,2025-Q4,2026-03-31,26538800000.0,-42.459688522422006,-28.187146744818925,23775700000.0,21814100000.0,19306000000.0,22111900000.0,22.8002,-54.348744501374526,-59.38390125540669,,,
BALKRISIND,INR,2025-Q4,2026-03-31,108230800000.0,3.6003809724369313,7.162770983524494,42247800000.0,15254700000.0,12431000000.0,23004300000.0,64.3036,-24.886430669851713,-21.63800080938891,15.3,2026-05-08,2026-07-31
FLUOROCHEM,INR,2025-Q4,2026-03-31,49960000000.0,5.467595524593625,20.510563380281692,17120000000.0,8350000000.0,5780000000.0,12020000000.0,52.3415,5.30599023824949,5.797534234887586,9.92,2026-05-26,2026-07-31
CPPLUS,INR,2025-Q4,2026-03-31,42208120000.0,,24.836846309838382,8149630000.0,5101110000.0,3679610000.0,5661330000.0,31.5136,,75.67237163814181,14.4,2026-05-27,2026-09-02
PWL,INR,2025-Q4,2026-03-31,38995430000.0,,-15.116050254106774,7916780000.0,-566150000.0,-224900000.0,3807770000.0,-0.0754,,-173.42558599265746,-0.11,2026-05-27,2026-09-02
EMBASSY.RR,INR,2025-Q4,2026-03-31,46758440000.0,12.226549664905209,1.5293561701326124,24058540000.0,19646120000.0,3385450000.0,32303970000.0,3.5715,-79.15937259295566,-212.80304348907174,-4.52,2026-04-27,2026-07-27
VOLTAS,INR,2025-Q4,2026-03-31,142445000000.0,-7.58006332399045,59.1727807683415,21520300000.0,5628000000.0,3758800000.0,6469000000.0,11.3598,-55.32544960456821,36.760925449871465,3.51,2026-05-13,2026-08-19
ANTHEM,INR,2025-Q4,2026-03-31,21243320000.0,,44.37874716710033,8952750000.0,6997410000.0,5917940000.0,8338100000.0,10.4579,,103.65853658536585,3.4,2026-05-19,2026-09-02
WELCORP,INR,2025-Q4,2026-03-31,167701400000.0,19.97919519457644,-4.852089805139792,49109000000.0,18810900000.0,16130500000.0,22356400000.0,61.1745,-15.621379310344825,-18.15559440559441,14.0,2026-05-21,2026-08-04
SUPREMEIND,INR,2025-Q4,2026-03-31,112176800000.0,7.384755294962307,31.289124431509453,26489700000.0,11249300000.0,9539800000.0,15532100000.0,75.1006,-0.718102475021084,182.69641703523328,34.1,2026-04-27,2026-07-27
POONAWALLA,INR,2025-Q4,2026-03-31,66898600000.00001,62.58399741415557,16.245808679881105,38290500000.0,18277400000.0,5418100000.0,19218800000.0,6.7448,,69.72972972972973,3.15,2026-05-05,2026-07-17
ASTERDM,INR,2025-Q4,2026-03-31,46432200000.0,12.19680750810688,-0.2850492511132101,14227000000.0,6367800000.0,3881400000.0,9010300000.0,7.5249,-93.02322347120801,167.02138141688837,2.7,2026-04-30,2026-08-18
PETRONET,INR,2025-Q4,2026-03-31,434949100000.0,-14.685802036521494,-15.422484935725464,52871699999.9999,45226500000.0,39125300000.0,53608100000.0,26.0853,-1.5072967207234436,57.656880670645485,8.92,2026-05-03,2026-08-05
AJANTPHARM,INR,2025-Q4,2026-03-31,54528600000.0,17.313741098513372,3.4040324692327837,28048100000.0,13294900000.0,10560000000.0,15026300000.0,84.5029,15.105396146485317,-2.6144417215430207,21.3,2026-05-05,2026-08-05
JKCEMENT,INR,2025-Q4,2026-03-31,137223000000.0,15.515840779853777,12.255888561305431,72046600000.0,17380500000.0,9924900000.0,23742500000.0,128.4473,15.25570794693372,90.63737527930799,43.1,2026-05-23,2026-07-18
SONACOMS,INR,2025-Q4,2026-03-31,44494590000.0,25.804867345963604,4.812204420543408,16307040000.0,7934270000.0,6401740000.0,10811650000.0,10.2962,3.860392394209913,27.260731516226127,3.1,2026-04-30,2026-07-23
HUDCO,INR,2025-Q4,2026-03-31,123905000000.0,19.7337167749928,-1.6640100618905893,34439600000.0,30877300000.0,40343700000.0,31002600000.0,20.1556,48.93887443840151,177.96495956873315,,2026-05-14,2026-08-12
NH,INR,2025-Q4,2026-03-31,78960350000.0,41.428066074698975,20.576523473272683,30304010000.0,11688700000.0,8055990000.0,16166720000.0,39.6621,2.099808476461138,76.65069009185194,11.2,2026-05-22,2026-07-31
GLAXO,INR,2025-Q4,2026-03-31,38216700000.0,1.9326738166173676,-4.413883179993469,18087400000.0,12545800000.0,10359800000.0,13210200000.0,61.1537,11.686464017766474,-6.00788520606976,16.4,2026-05-13,2026-07-31
GLAND,INR,2025-Q4,2026-03-31,64306500000.0,14.495600822148438,2.7974539965777123,19323620000.0,12058770000.0,10273160000.0,16295440000.0,62.328,47.00450721366458,40.07208387942333,22.3,2026-05-15,2026-08-11
IRCTC,INR,2025-Q4,2026-03-31,52148631000.0,11.492261218409581,0.7069468375564214,18605464000.0,16271111000.0,13934547000.0,16767092000.0,17.4182,5.973972244361563,-17.226268487147756,4.1,2026-05-26,2026-08-12
3MINDIA,INR,2025-Q4,2026-03-31,50897562000.0,14.490872604627683,13.939707813913568,16120753000.0,9231177000.0,5223108000.0,9857625000.0,463.6579,9.714274491374804,,,2026-05-22,
NAVINFLUOR,INR,2025-Q4,2026-03-31,33139000000.0,41.05423558555874,5.0808521129128055,14810300000.0,9324800000.0,6635500000.0,10816800000.0,130.17,123.89060887512898,14.669249930805417,40.104396,2026-04-29,2026-08-05
PIIND,INR,2025-Q4,2026-03-31,67137000000.0,-15.84522048685101,13.774805553536382,25661000000.0,13256000000.0,13208000000.0,17322000000.0,87.0606,-20.445814707462656,-35.673455066446394,13.2,2026-05-19,2026-08-11
JBCHEPHARM,INR,2025-Q4,2026-03-31,41477900000.0,5.865252336019235,-15.07344653993538,18963200000.0,9249200000.0,7094600000.0,11074200000.0,44.6,6.688099971055478,-49.23694779116465,7.7,2026-05-11,2026-08-06
ITCHOTELS,INR,2025-Q4,2026-03-31,41394000000.0,,1.8705106120193715,24272200000.0,10072700000.0,8168900000.0,14237800000.0,3.9223,,34.3343077331916,1.5,2026-05-15,2026-07-16
DELHIVERY,INR,2025-Q4,2026-03-31,105083070000.0,17.649165614352423,1.6047495424219584,7424319999.9999895,-554420000.0,1526750000.0,6399970000.0,1.996,-6.7289719626168285,82.69230769230768,0.975,2026-05-16,2026-07-31
KPRMILL,INR,2025-Q4,2026-03-31,66503700000.0,4.109188024822006,21.618214280846658,16255100000.0,10516800000.0,8665000000.0,12672800000.0,25.35,6.304462690698057,8.902616874498179,6.6,2026-05-12,2026-07-29
ENDURANCE,INR,2025-Q4,2026-03-31,145958800000.0,26.253091262636442,13.240046338637887,42354300000.0,12314200000.0,9517100000.0,19656400000.0,67.6556,13.787211140637105,24.70806255077172,19.7,2026-05-14,2026-08-13
COCHINSHIP,INR,2025-Q4,2026-03-31,50218699000.0,4.189069262733279,9.913153035978187,11534377000.0,6815864000.0,7165128000.0,8113797000.0,27.236,-13.393263143166953,91.11870817573464,5.2,2026-05-15,2026-08-06
KIRLOSENG,INR,2025-Q4,2026-03-31,77010100000.0,21.419922238374383,13.01025312399872,24931300000.0,12413700000.0,5743200000.0,14154100000.0,39.42,17.391304347826097,42.14659685863874,8.2,2026-05-14,2026-08-12
EXIDEIND,INR,2025-Q4,2026-03-31,179953500000.0,4.394399533584525,12.725355247715203,38422300000.0,12816900000.0,8541900000.0,18704400000.0,10.0493,7.442372663901139,10.948521358159901,3.7,2026-05-04,2026-07-30
NUVAMA,INR,2025-Q4,2026-03-31,46496500000.0,11.521118653011298,15.836633573844011,32014800000.0,13838200000.0,10410400000.0,14963300000.0,55.788,3.826397677361716,5.726872246696043,15.0,2026-05-11,2026-07-24
MEDANTA,INR,2025-Q4,2026-03-31,44101530000.0,19.441407355547945,3.3896883895144447,20947040000.0,6964450000.0,5564600000.0,9189850000.0,20.7043,15.493562710578573,51.14275221063932,5.4,2026-05-14,2026-08-06
ASTRAL,INR,2025-Q4,2026-03-31,65686000000.0,12.622591043138332,35.4849172883555,17355000000.0,7683000000.0,5366000000.0,10599000000.0,19.9761,2.4777998368653553,97.79507133592736,8.1,2026-05-18,2026-08-07
ANANDRATHI,INR,2026-Q1,2026-06-30,14013883000.0,37.45964529151664,21.349012645747816,13503951000.0,6159466000.0,4649433000.0,6515598000.0,27.8024,44.081507853837266,57.49185667752443,,2026-07-09,2026-10-08
IREDA,INR,2025-Q4,2026-03-31,82323700000.0,22.853613127721363,-0.776867039438795,68728400000.0,61762300000.0,18739900000.0,67819100000.00001,6.7079,6.156134770292302,-15.506481036965921,1.8,2026-05-29,2026-07-14
STARHEALTH,INR,2025-Q4,2026-03-31,174769400000.0,18.381787146418123,4.662078089808004,,3968800000.0,5569800000.0,,9.4091,-13.349664324458729,-13.266945069065217,1.873306,2026-04-28,2026-07-29
CONCOR,INR,2025-Q4,2026-03-31,90789700000.0,2.159891617212519,-1.9159180241905778,17013700000.0,13343900000.0,12418000000.0,19499200000.0,16.3225,-3.5381651419520916,-21.340267323571005,3.4,2026-05-25,2026-08-06
BAGMANE.RR,INR,2025-Q4,2026-03-31,,,-100.0,,,,,,,,,,
UBL,INR,2025-Q4,2026-03-31,92399400000.0,3.6438218795323434,8.556389671542707,30362200000.0,5335300000.0,4131700000.0,8055200000.0,15.627,-6.453157737204417,25.673249551166972,1.0,2026-05-05,2026-08-04
TATAINVEST,INR,2025-Q4,2026-03-31,4034700000.0,31.75821304944158,-30.657894736842106,3990100000.0,3663600000.0,4336800000.0,3702500000.0,8.5715,38.95823876532002,-15.334541305952614,,,
LTTS,INR,2025-Q4,2026-03-31,116269000000.0,8.966092481865381,-2.2438857533778007,16415000000.0,16415000000.0,12791000000.0,19884000000.0,120.55,0.9546939117326863,9.712482468443197,31.3,2026-04-22,2026-07-14
EMCURE,INR,2025-Q4,2026-03-31,92035400000.0,16.559568095074,4.494435742579368,35792340000.0,13735610000.0,9243610000.0,17886070000.0,48.7716,34.07705122636479,5.5825542097343215,14.1,2026-05-05,2026-08-18
KIMS,INR,2025-Q4,2026-03-31,39046000000.0,28.652388797364086,7.707727773879924,21308000000.0,5188000000.0,2414000000.0,8020000000.0,6.0329,-37.21745826915872,-20.41213937804421,1.2,2026-05-15,2026-08-12
NHIT,INR,2025-Q4,2026-03-31,42740736000.0,80.81235723303816,3.7262083961891594,21247621000.0,19952951000.0,6855185000.0,34462178000.0,3.7078,46.10868108917524,-26.41954741080106,,,
BLUESTARCO,INR,2025-Q4,2026-03-31,124019900000.0,3.6292839446340763,39.200973572031685,17629800000.0,7516100000.0,5276800000.0,9304000000.0,25.671,-10.724159876472369,181.6793698539346,10.7,2026-05-06,2026-08-06
BANDHANBNK,INR,2025-Q4,2026-03-31,244231350000.0,-1.7808130411709848,1.2557499117848268,,17338111000.0,12235627000.0,,7.5896,-55.45094356235142,159.36373609152173,3.3,2026-04-28,2026-07-17
SCHNEIDER,INR,2025-Q4,2026-03-31,28906300000.0,9.630183069051961,-42.70237181418036,6975000000.0,3385200000.0,2125600000.0,3707900000.0,8.891,-20.64370442435224,-77.32929203321751,0.76,2026-05-28,2026-08-06
HONAUT,INR,2025-Q4,2026-03-31,46819000000.0,11.750525109795685,1.0267818944125953,9106000000.0,5518000000.0,5250000000.0,6055000000.0,593.7891,0.2673733130228202,31.76564135672105,181.64,2026-05-20,2026-08-06
HEXT,INR,2026-Q1,2026-03-31,138355000000.0,122.23553641880738,3.875567822436893,15759000000.0,15759000000.0,13936000000.0,19544000000.0,22.57,3.6962164893983642,20.974576271186447,5.77,2026-05-06,2026-07-23
UCOBANK,INR,2025-Q4,2026-03-31,,,-9.482486336749504,,,,,,,22.794541610609272,,,
DALBHARAT,INR,2025-Q4,2026-03-31,148040000000.0,5.894134477825465,21.0781517398745,68130000000.0,17340000000.0,11380000000.0,30830000000.0,60.6722,66.61229376743776,217.21142611155523,21.0,2026-04-28,2026-07-28
HSCL,INR,2025-Q4,2026-03-31,46607000000.0,1.042138649750793,8.798431929166457,14988000000.0,9274000000.0,7513400000.0,9955600000.0,15.0196,34.46374216651746,3.6354166666666714,4.19,2026-04-23,2026-07-15
HFCL,INR,2025-Q4,2026-03-31,49492700000.0,21.76763799907492,50.65535724609552,11625400000.0,6219400000.0,3117400000.0,7793200000.0,2.127,72.870611183355,80.59701492537312,1.2,2026-04-30,2026-07-29
ABSLAMC,INR,2025-Q4,2026-03-31,20595100000.0,3.7108096403500825,-24.365220483641536,19490900000.0,12683700000.0,9750600000.0,13141500000.0,33.7187,4.716459627329178,-30.411385606874337,6.5,2026-04-23,2026-07-29
GODFRYPHLP,INR,2025-Q4,2026-03-31,63911100000.0,11.750861591132825,-2.2607335626514127,22742200000.0,14636900000.0,15260600000.0,15846400000.0,97.8369,42.354185642491096,51.89723876900988,,2025-02-13,2026-08-12
ESCORTS,INR,2025-Q4,2026-03-31,115402600000.0,13.235943457876981,-9.520833777880744,24245200000.0,12413000000.0,23940900000.0,14963600000.0,217.55,89.95023138042436,-10.565110565110567,29.0,2026-05-07,2026-08-03
MINDSPACE.RR,INR,2025-Q4,2026-03-31,32687640000.0,23.71381705685948,8.948639899502355,16926770000.0,12159950000.0,6518580000.0,16949750000.0,10.5202,31.174563591022462,4.15045834319927,3.1,2026-04-29,2026-08-12
IKS,INR,2025-Q4,2026-03-31,31937880000.0,,5.239830664457942,11048650000.0,10023980000.0,7215540000.0,11265480000.0,42.22,,12.39515377446412,12.1,2026-05-13,2026-07-30
MANAPPURAM,INR,2025-Q4,2026-03-31,95347700000.0,-5.361614697839691,11.305741259660264,53637300000.0,27684000000.0,10032600000.0,30749800000.0,11.8405,-17.592321933157944,67.13483146067416,4.35,2026-05-04,2026-08-06
ANGELONE,INR,2025-Q4,2026-03-31,51522340000.0,-1.818616989752974,9.684480117694815,38702460000.0,12750020000.0,9150990000.0,14000010000.0,9.82,-23.076923076923077,19.48593261549149,3.45,2026-04-16,2026-07-15
AEGISVOPAK,INR,2025-Q4,2026-03-31,7925809000.0,,23.273424572077868,3909860000.0,3909860000.0,2318137000.0,5824212000.0,2.122,,11.671469740633999,,2026-05-28,
CHOLAHLDNG,INR,2025-Q4,2026-03-31,395757700000.0,18.278136947129582,4.317481346909795,195671400000.0,109255200000.0,24412900000.0,112580900000.0,130.0064,12.3095582823358,9.804039252168181,,2026-05-08,2026-08-07
GRSE,INR,2025-Q4,2026-03-31,70021578000.0,37.95485880662043,11.790906449994463,8983958000.0,7464268000.0,7479344000.0,7953006000.0,65.2939,41.818707048592096,77.55686582281876,26.5,2026-04-28,2026-08-07
NIACL,INR,2025-Q4,2026-03-31,494663200000.0,13.299413511095556,6.0143179754425224,,1452200000.0,14122600000.0,,8.5695,36.24006359300476,52.10583387551508,,2026-05-11,2026-08-12
LICHSGFIN,INR,2025-Q4,2026-03-31,288464700000.0,2.6174019145734544,-0.1666139933576185,88362500000.0001,76888800000.0,56037000000.0,78106000000.0,101.8698,2.9629577221359167,6.745463416169588,27.2,2026-05-13,2026-07-30
CRISIL,INR,2026-Q1,2026-03-31,38934900000.0,16.736525868892553,-2.2106752221307913,13559100000.0,10219700000.0,8394299999.999999,11601400000.0,114.7863,18.8554346610559,-3.4121156146380587,31.9,2026-04-17,2026-07-21
CDSL,INR,2025-Q4,2026-03-31,12385130000.0,3.2696831325814557,-19.551790870111557,10099253000.0,6130890000.0,4561318000.0,6792826000.0,21.8262,-13.38156448303642,-39.80530779239101,3.8,2026-05-02,2026-07-27
KARURVYSYA,INR,2025-Q4,2026-03-31,131586700000.00002,14.347747877705075,6.548939944840185,,33200400000.0,25103300000.0,,25.9717,29.256166265204143,5.042016806722694,7.5,2026-05-06,2026-07-20
CENTRALBK,INR,2025-Q4,2026-03-31,425598700000.0,7.290318758594785,-1.3430617410470123,,64738400000.0,45237800000.0,,4.9979,10.338661250441524,-41.01517754868271,,2026-04-30,2026-07-16
WOCKPHARMA,INR,2025-Q4,2026-03-31,33730000000.0,11.985391766268261,8.67117117117117,12890000000.0,4030000000.0,2130000000.0,6300000000.0,13.1122,,181.47291305186042,,,
TATATECH,INR,2025-Q4,2026-03-31,55055700000.0,6.522651858874518,15.119386701617449,12308200000.0,7080000000.0,5465900000.0,8529500000.0,13.4705,-19.192676620735572,2974.572127139365,4.0,2026-05-04,2026-07-17
METROBRAND,INR,2025-Q4,2026-03-31,28636300000.0,14.207602327519853,-4.719760375707224,10676710000.0,5564310000.0,4111600000.0000005,8674410000.0,15.06,17.289719626168228,-9.148936170212778,4.3,2026-05-20,2026-08-07
PGHH,INR,2025-Q4,2026-03-31,42904200000.0,-4.64070730502986,-25.404548696410174,24727000000.0,11336100000.0,8565100000.0,11710400000.0,263.8564,0.9086723134889014,-49.20807889814804,53.83,2026-05-28,2026-09-02
PNBHOUSING,INR,2025-Q4,2026-03-31,86085300000.0,11.920750218094215,7.296784963171843,35305500000.0,26879500000.0,22912400000.0,27544300000.0,87.78,18.206302181524368,25.990968389362767,25.11,2026-04-19,2026-07-23
JUBLFOOD,INR,2025-Q4,2026-03-31,95376970000.0,17.145885282801217,2.5540175093005595,42197840000.0,9130930000.0,4284810000.0000005,18814150000.0,6.5122,103.16341174268422,12.22407716564644,1.4,2026-05-20,2026-07-29
GODIGIT,INR,2025-Q4,2026-03-31,104778600000.0,8.38769341534413,23.717731803985174,,6316900000.0,5443500000.0,,5.87,27.33188720173535,6.622516556291397,1.505,2026-04-28,2026-07-23
CUPID,INR,2025-Q4,2026-03-31,3577088000.0,94.9140508485936,28.307595881722524,1726208000.0,1115805000.0,1082336000.0,1167037000.0,0.7926,163.67265469061877,6.295993458708093,,,
MRPL,INR,2025-Q4,2026-03-31,886661400000.0,-6.353376716621452,-3.083403981522885,82501800000.00021,47304300000.0,19245800000.0,62503000000.0,10.9838,3324.945431867789,-91.90674639125446,0.69,2026-04-24,2026-07-15
LALPATHLAB,INR,2025-Q4,2026-03-31,27629000000.0,12.249126513366376,6.501970294028493,11438000000.0,6207000000.0,5048000000.0,7825000000.0,30.19,3.4612748457847897,45.101663585951925,7.89,2026-04-30,2026-07-24
TVSHLTD,INR,2025-Q4,2026-03-31,581545000000.0,28.406653047561765,2.0418143146960226,170510300000.0,77573800000.0,16956900000.000002,91632000000.0,838.1185,45.65532326217624,-14.001531069385512,,,
BIRET.RR,INR,2025-Q4,2026-03-31,30424110000.0,92.37551027634593,35.96691556258103,21450520000.0,17521760000.0,4812300000.0,22215780000.0,7.5056,787.0819052121499,-81.81314418707746,0.5,2026-05-11,2026-08-12
SYRMA,INR,2025-Q4,2026-03-31,48190590000.0,27.279870455558108,15.88634529892895,9303410000.0,4512940000.0,3177800000.0,5354030000.0,16.8371,76.73962105705137,-1.0012374845314413,5.3,2026-05-11,2026-08-04
APOLLOTYRE,INR,2025-Q4,2026-03-31,284706000000.0,8.984976965302817,-5.261512961836748,78324110000.0,26002180000.0,13724160000.0,41432330000.0,21.6094,22.39264151157128,34.10090975352969,17.1,2026-05-14,2026-08-12
ITI,INR,2025-Q4,2026-03-31,21837100000.0,-39.616803358017044,21.956669581268823,1388800000.0,-380100000.0,2318400000.0,-943400000.0,2.4048,,,,,
SJVN,INR,2025-Q4,2026-03-31,45282900000.0,47.40479360418748,38.30974980822019,26913100000.0,23076100000.0,6420800000.0,33495900000.0,1.6341,-21.625899280575535,-152.53940455341507,-0.3,2026-05-15,2026-08-07
STLTECH,INR,2025-Q4,2026-03-31,47510000000.0,-3.9037216828478964,14.638027048528244,13940000000.0,2630000000.0,560000000.0,5760000000.0,1.1086,,,0.85,2026-04-29,2026-07-23
ACUTAAS,INR,2025-Q4,2026-03-31,13393668000.0,33.0220866432841,10.063296177635216,6198512000.0,4444086000.0,3562553000.0,4803962000.0,43.374,122.2176681848689,22.44274809160305,16.1,2026-04-30,2026-08-06
AMBER,INR,2025-Q4,2026-03-31,121864766000.0,22.194499302753528,40.93708388079638,14568406000.0,6297645000.0,1776471000.0,9523212000.0,51.3,-28.50174216027875,,39.73,2026-05-15,2026-08-06
SHYAMMETL,INR,2025-Q4,2026-03-31,185376800000.0,22.461965317919073,18.52103151447712,37959700000.0,14579200000.0,10702400000.0,23400700000.0,37.97,16.642705299762845,57.85007072135785,11.2,2026-05-11,2026-07-20
GUJENERGY,INR,2025-Q4,2026-03-31,171015500000.0,3.7277968332529667,58.31604440180297,27414500000.0,13987500000.0,12255300000.0,20232800000.0,16.4505,-1.3829940292065246,-3.258261744447026,4.6995,2026-05-30,2026-08-11
NBCC,INR,2025-Q4,2026-03-31,128835757000.0,6.71933753636707,50.86712068209779,8685351000.0,6761389000.0,7200313000.0,6892057000.0,2.6628,32.86099191697435,24.510352546166764,0.9,2026-05-25,2026-08-06
CEMPRO,INR,2025-Q4,2026-03-31,100067851000.0,10.0016513243661,28.41786584207162,20800001000.0,8501181000.000001,5979360000.0,10156929000.0,34.8067,60.38845241112366,118.38701182011123,14.1,2026-04-29,2026-07-28
SAILIFE,INR,2025-Q4,2026-03-31,21924920000.0,,8.208078150608126,7716900000.0,4643040000.0,3489100000.0,6311590000.0,16.34,,3.3970276008492597,4.9,2026-05-14,2026-08-06
MSUMI,INR,2025-Q4,2026-03-31,114775800000.0,23.146300325741286,15.501875603986035,15479000000.0,8441900000.0,6251800000.0,10603100000.0,0.9427,-17.343270495396762,11.984021304926774,0.3,2026-04-28,2026-08-05
ACMESOLAR,INR,2025-Q4,2026-03-31,20233790000.0,43.99931394297044,10.278123886608709,13134340000.0,13134340000.0,4989340000.0,17813360000.0,8.16,95.67876070118224,21.390374331550795,2.13,2026-05-07,2026-07-24
ZFCVINDIA,INR,2025-Q4,2026-03-31,41189425000.0,7.517170945943741,7.472526327530961,10075146000.0,5232057000.0,5171477000.0,6550035000.0,45.4415,12.245301241722059,4.385808232524157,12.416667,2026-05-13,2026-07-29
PTCIL,INR,2025-Q4,2026-03-31,6027767000.0,95.65971162772581,44.965258467103396,3093329000.0,950771000.0,1015587000.0,1317700000.0,67.7107,64.78632270625455,226.3071895424836,,2026-05-30,2026-08-10
ACC,INR,2025-Q4,2026-03-31,254479100000.0,21.36910828587467,11.473642541193554,90308400000.0,16317100000.0,21370700000.0,27500500000.0,113.52,-11.020536134190314,-41.03400093153237,13.3,2026-04-30,2026-07-24
SUMICHEM,INR,2025-Q4,2026-03-31,32383150000.0,2.851844229232491,20.38195141361109,10210120000.0,6047430000.0,5429640000.0,6708650000.0,10.8779,7.412710324670196,47.069693769799365,2.2,2026-05-26,2026-07-27
GILLETTE,INR,2025-Q4,2026-03-31,30995300000.0,4.018780388451929,0.25316455696202533,16669200000.0,8645100000.0,6543100000.0,9430500000.0,200.8007,17.496571078156013,11.6279772814015,,2026-05-27,2026-09-02
RRKABEL,INR,2025-Q4,2026-03-31,97223586000.0,27.619603228459976,16.889162178110716,12974931000.0,6915531000.0,4922191000.0,7838171000.0,43.5079,57.89590198440925,42.10526315789475,14.9,2026-04-30,2026-08-05
NEULANDLAB,INR,2025-Q4,2026-03-31,20229854000.0,36.98092538697391,76.53715761754414,6429879000.0,4827583000.0,3639984000.0,5744978000.0,283.7113,39.94125365006709,424.18619359327073,165.76,2026-05-12,2026-07-30
NXST.RR,INR,2025-Q4,2026-03-31,25682340000.0,12.47717157950334,-2.79963049049407,14938130000.0,11333280000.0,4034830000.0,17531670000.0,2.6633,-16.429759327245915,-91.26181936746005,0.27,2026-05-12,2026-08-05
AWL,INR,2025-Q4,2026-03-31,747306700000.0,17.283580932400035,15.385479611260102,66979800000.0,19649000000.0,10420500000.0,24137300000.0,8.0476,-14.668645954829817,8.779030548328029,2.3,2026-04-28,2026-08-05
IRB,INR,2025-Q4,2026-03-31,65201010000.0,-11.71577197674532,2.9544565952221857,21550220000.0,17117340000.0,8503549999.999999,28537690000.0,0.7088,-86.79016717296905,43.26647564469915,0.2,2026-05-20,2026-08-06
NETWEB,INR,2025-Q4,2026-03-31,21835630000.0,90.03682265163125,-3.8789949374165293,3607760000.0,2705740000.0,2058159999.9999998,2847850000.0,36.2982,79.06909055030712,-3.9427520440178747,12.5,2026-05-02,2026-08-10
CREDITACC,INR,2025-Q4,2026-03-31,60136500000.0,5.003038176256129,7.29964025858105,40482900000.0,28086000000.0,7776400000.0,28599000000.0,48.38,45.986722993361504,34.630102040816325,21.11,2026-05-07,2026-07-23
DATAPATTNS,INR,2025-Q4,2026-03-31,9247700000.0,30.552692877814643,99.18558308785306,4076600000.0,3510400000.0,2713700000.0,3739900000.0,48.4728,22.34334419476884,137.35847969501714,24.7,2026-05-14,2026-08-14
CRAFTSMAN,INR,2025-Q4,2026-03-31,80692700000.0,41.80297619884439,8.220563073572873,26361800000.0,7937400000.0,3839900000.0,12375900000.0,160.9644,91.43080386609249,8.692117694485221,49.0,2026-05-07,2026-07-29
CGCL,INR,2025-Q4,2026-03-31,47419870000.0,45.874571519188464,13.24216340080496,27485860000.0,14469580000.0,9491530000.0,15565120000.0,10.06,74.65277777777779,10.566037735849067,,2026-04-30,2026-07-31
TIMKEN,INR,2025-Q4,2026-03-31,34512990000.0,9.641274409827785,39.78059920299511,10528250000.0,5221600000.0,4065510000.0,6280410000.0,54.0532,-9.121141660067622,190.22473459258237,20.8,2026-05-18,2026-08-04
FORCEMOT,INR,2025-Q4,2026-03-31,90570500000.0,12.207048550930221,19.791784116961704,18250200000.0,11971600000.0,12116300000.0,14831500000.0,919.545,51.312105478546556,-31.420892148102574,,,
TENNIND,INR,2025-Q4,2026-03-31,54039760000.0,10.5010397858675,20.788336092818284,14491240000.0,8173020000.0,6035800000.0,9254670000.0,14.9575,9.352039361616571,40.442751725779566,4.1,2026-05-30,2026-09-02
RUBICON,INR,2025-Q4,2026-03-31,17477190000.0,,8.07227319469475,8764850000.0,3460220000.0,2467350000.0,3912840000.0,15.0706,,4.3083900226757255,4.7,2026-05-29,2026-09-02
RBLBANK,INR,2025-Q4,2026-03-31,184639300000.0,3.6164895852799375,1.5460716639715497,,11060000000.0,8790500000.0,,14.15,21.16178309043893,6.8493150684931505,3.7,2026-04-25,2026-07-17
PPLPHARMA,INR,2025-Q4,2026-03-31,88690700000.0,-3.0827718392600736,28.595195035212416,23833800000.0,903900000.0,-3259300000.0,9216300000.0,-2.4673,-458.3587509077705,93.53899883585565,0.9,2026-04-28,2026-08-05
IIFL,INR,2025-Q4,2026-03-31,133738299999.99998,34.643914972102344,7.757534290634865,74458600000.0,41467900000.0,16608200000.0,43574000000.0,38.82,329.25383696757933,26.45161290322582,,2026-04-29,2026-07-28
AADHARHFC,INR,2025-Q4,2026-03-31,36868800000.0,18.590760105631876,5.164393867149835,22904700000.0,14894100000.0,10958800000.0,15214300000.0,24.77,19.143819143819147,10.220125786163512,,2026-05-05,2026-08-12
ASAHIINDIA,INR,2025-Q4,2026-03-31,49899300000.0,8.606831226099088,7.815050441512529,19634900000.0,6332800000.0,3447000000.0,9179400000.0,13.6342,-10.732384406877319,33.213782502882026,,2026-05-27,2026-08-05
KIOCL,INR,2025-Q4,2026-03-31,6134600000.0,3.8847117794486214,38.00814281240213,-231099999.999999,-601100000.0,165700000.0,-209300000.0,0.2742,,195.00502849480387,,,
KPIL,INR,2025-Q4,2026-03-31,271430599999.99997,21.629508276057983,16.690321090043838,36701300000.0,17297800000.0,10400500000.0,22399000000.0,60.9026,72.43091732729332,185.34458572278274,21.6,2026-05-14,2026-08-05
EMMVEE,INR,2025-Q4,2026-03-31,50498773000.0,,50.905067009230706,18218442000.0,14387420000.0,10815515000.0,17343747000.0,15.6242,,48.900969038052466,5.7,2026-04-28,2026-09-02
TATAELXSI,INR,2025-Q4,2026-03-31,37574237000.0,0.760928733478727,4.224225026306424,12036745000.0,7530499000.0,6284303000.0,8468495999.999999,100.8835,-19.93538228576236,102.35297482837527,35.4,2026-04-21,2026-07-14
GRINDWELL,INR,2025-Q4,2026-03-31,30731922000.0,9.304472592310532,11.880103301780709,11931086000.0,4685336000.0,4152446000.0,5736529000.0,37.504,12.617184450276556,24.77284097122847,10.7,2026-05-08,2026-07-24
CUB,INR,2025-Q4,2026-03-31,79085857000.0,17.47567540131468,7.249526568485827,,16712310000.000002,13262310000.0,,13.35,18.272425249169437,8.295964125560532,3.6,2026-04-27,2026-07-31
DEEPAKNTR,INR,2025-Q4,2026-03-31,77849700000.0,-4.134839762337222,3.8962617153678285,11470700000.0,6539800000.0,5504400000.0,8786200000.0,40.3561,-21.054906962550277,120.19025750369035,16.1,2026-05-15,2026-08-12
KAYNES,INR,2025-Q4,2026-03-31,36263540000.0,33.23601856451286,54.550813897954306,8338459999.99999,4669870000.0,3638900000.0,5740550000.0,54.062,19.07929515418502,18.12500000000001,13.6,2026-05-13,2026-08-04
RAMCOCEM,INR,2025-Q4,2026-03-31,90287600000.0,5.991265965439519,23.96565480034953,37258600000.0,6958200000.0,6986500000.0,14359800000.0,29.5699,156.26717047847677,-60.90279011906878,3.45,2026-05-22,2026-07-29
GRANULES,INR,2025-Q4,2026-03-31,53656420000.0,19.725821624738263,5.956165252100235,23054410000.0,8890020000.0,5950210000.0,11851440000.0,24.4441,18.201644100580268,32.956381260096926,7.55,2026-04-29,2026-07-21
REDINGTON,INR,2025-Q4,2026-03-31,1191623600000.0,19.96172495423253,7.4099993758434595,40396599999.99989,20322300000.0,14902200000.0,22386600000.0,19.062,-7.142370008086424,-10.207193470266391,5.0,2026-05-13,2026-08-05
MTARTECH,INR,2025-Q4,2026-03-31,8762060000.0,29.617230896678233,10.112606130378472,2318620000.0,1361810000.0,940300000.0,1712060000.0,30.5728,77.81396674363285,27.687874085568616,14.385,2026-05-12,2026-08-11
CESC,INR,2025-Q4,2026-03-31,185700000000.0,9.228868890065291,2.272159800249688,44050000000.0,22200000000.0,15360000000.0,34470000000.0,11.5857,12.181920291258365,53.95348837209303,3.3,2026-05-06,2026-08-12
PFIZER,INR,2025-Q4,2026-03-31,25196500000.0,10.445569509281786,-2.4494984729392435,12096400000.0,8463600000.0,7224300000.0,9040900000.0,157.916,-5.884568599860429,40.87721901124987,42.2,2026-05-12,2026-08-03
IGL,INR,2025-Q4,2026-03-31,161675900000.0,8.305242567558516,2.3402581438229872,30095100000.0,13259400000.0,15496300000.0,18436400000.0,11.0664,-9.807820828375363,-13.599999999999996,2.0,2026-05-18,2026-08-06
HBLENGINE,INR,2025-Q4,2026-03-31,33028307000.0,67.89488519605135,-30.881881836071575,16123198000.0,10771709000.0,8149087000.0,11277986000.0,29.4178,194.4695248295813,-70.84804543683954,,2025-02-10,2026-08-07
J&KBANK,INR,2025-Q4,2026-03-31,141055600000.0,3.0504046604256745,-1.6978698086664479,,29174100000.0,23595000000.0,,21.4251,13.330335889976192,37.295004355565666,,2026-05-05,
ANANTRAJ,INR,2025-Q4,2026-03-31,25116058058.0,21.924387529915485,0.813603703299615,6714216184.0,6079359068.0,5548705589.0,6567997080.0,16.0115,28.784344636767273,0.966183574879228,,2026-05-11,
IFCI,INR,2025-Q4,2026-03-31,21342700000.0,3.396539027982327,0.8357441337190614,15195300000.0,7956300000.0,1808600000.0,8813600000.0,0.6722,6.970082749840876,,,,
AFFLE,INR,2025-Q4,2026-03-31,27093090000.0,19.54725483032315,0.9621254568109786,6538950000.0,4856800000.0,4548510000.0,6100560000.0,32.34,18.897058823529427,0.0,8.5,2026-05-09,2026-08-03
CARBORUNIV,INR,2025-Q4,2026-03-31,52063100000.0,6.376488232061019,8.327006801667105,14548700000.0,3321400000.0,1947300000.0,5789300000.0,10.2194,-33.38200687079131,-123.32931968693559,5.8,2026-05-14,2026-08-05
EIHOTEL,INR,2025-Q4,2026-03-31,29396300000.0,7.162568579917249,2.558168841434774,19142700000.0,8131200000.0,6282800000.0,9556500000.0,10.0469,-15.031756636756496,-2.218105089804958,3.8,2026-05-26,2026-08-11
SANSERA,INR,2025-Q4,2026-03-31,34979170000.0,15.949808253979198,10.033723747313172,13498280000.0,4262279999.9999995,3240880000.0,6320850000.0,52.02,44.91905760825055,76.33726201269266,19.65,2026-05-21,2026-07-30
BELRISE,INR,2025-Q4,2026-03-31,95091030000.0,14.694406402688893,9.070874727197841,11277410000.0,7928190000.0,4968590000.0,11537680000.0,5.65,-4.475290378210214,11.621799080761654,1.5,2026-05-24,2026-09-02
CUBEINVIT,INR,2025-Q4,2026-03-31,43273120000.0,25.3148427871116,7.272953604402134,7193080000.00001,5199720000.0,2165510000.0,19644470000.0,1.6112,,228.59482476252867,,,
URBANCO,INR,2025-Q4,2026-03-31,15555400000.0,,11.205184488345367,7438900000.0,-2590100000.0,-2348100000.0,-2138000000.0,-1.6125,,-649.795918367347,-1.04,2026-05-08,2026-09-02
THANGAMAYL,INR,2025-Q4,2026-03-31,85137600000.0,73.1741350202388,18.012078991449936,7519100000.0000105,5389300000.0,3516600000.0,5791400000.0,113.1394,176.41359158783524,36.15191570653916,46.0,2026-05-15,2026-07-29
ASTRAZEN,INR,2025-Q4,2026-03-31,22755800000.0,32.5871501902359,-5.389407590300375,6299100000.0,2612800000.0,1875200000.0,2898600000.0,75.006,62.01399688958009,37.695612150966554,,,
GESHIP,INR,2025-Q4,2026-03-31,54090900000.0,1.6261033266072213,3.9162839305849677,27747700000.0,19781600000.0,29425200000.0,28672200000.0,205.69,25.520229450173915,28.48591549295776,57.65,2026-05-14,2026-07-30
HATSUN,INR,2025-Q4,2026-03-31,99592200000.0,14.476951088305883,9.049718240739175,21346400000.0,6030400000.0,3562000000.0,11766200000.0,15.9865,27.72034385785504,-16.167224326212455,2.3,2026-05-19,2026-07-22
