symbol,latest_oi,prev_oi,change_in_oi,pct_change_oi,volume,fut_value,opt_value,prem_value,underlying_value
NIFTY,10539319,9420210,1119109,11.88,12468992,137641.19803,19412534575481,211234.22731,24034
BANKNIFTY,1963766,1775228,188538,10.62,1609659,33867.0291,2761045919443,35027.00443,57037
MIDCPNIFTY,192921,180732,12189,6.74,106275,3824.14087,185826005263,2803.73263,14582
COFORGE,78005,74077,3928,5.3,51205,69576.78656,32290350940,7017.8694,1623
FINNIFTY,46389,44526,1863,4.18,54673,972.78726,85699536402,961.71402,26130
INFY,552455,533444,19011,3.56,122612,153350.06416,39047673292,3817.51292,1104
NIFTYNXT50,2358,2281,77,3.38,242,54.443,435351865,5.31865,72509
BEL,152604,148844,3760,2.53,32130,29163.77967,15938663289,1856.23164,396
TATAPOWER,87103,85733,1370,1.6,11744,15594.21161,5014870849,647.73849,376
COALINDIA,102938,101489,1449,1.43,16266,12637.07068,8185247680,831.0118,418
PNBHOUSING,17914,17681,233,1.32,638,2332.16529,231610080,22.7058,1085
ABCAPITAL,19519,19266,253,1.31,964,4101.04673,798988048,70.62048,394
GODFRYPHLP,14492,14309,183,1.28,10213,9211.63342,5128577690,757.9919,2093
HINDUNILVR,124611,123348,1263,1.02,8107,11094.37941,4281965676,483.29676,2190
AUROPHARMA,34036,33737,299,0.89,1146,3702.1479,624961139,52.65139,1554
VBL,71278,70794,484,0.68,1923,3371.21245,824513659,138.11284,465
ADANIENSOL,47269,46987,282,0.6,2521,11189.19386,1783972991,157.15991,1688
CHOLAFIN,35774,35579,195,0.55,844,3998.747,561333975,94.71475,1788
TCS,370321,368846,1475,0.4,46021,33801.02068,21168196699,2715.33199,2368
CANBK,95831,95467,364,0.38,3948,8467.51117,2618591625,380.66625,126
GVT&D,35367,35235,132,0.37,1626,2999.22745,553403900,57.039,4116
PFC,64323,64089,234,0.37,946,1543.70983,374234497,61.19997,419
RELIANCE,513537,511679,1858,0.36,16844,21414.72365,8855922955,767.17955,1276
GAIL,36923,36794,129,0.35,833,1121.63705,414465056,46.88556,173
NTPC,136564,136095,469,0.34,3733,8408.27745,1129854570,75.5457,347
HDFCBANK,948038,944904,3134,0.33,23620,33634.76142,8267389676,893.91926,738
MFSL,28969,28874,95,0.33,274,1508.205,16175112,0.55112,1504
IDFCFIRSTB,74027,73799,228,0.31,2158,2805.54744,1464478072,148.88322,85
BAJFINANCE,156353,155895,458,0.29,2394,5378.57692,1367967030,191.8953,1048
TORNTPHARM,52256,52106,150,0.29,2220,7742.80246,614236805,30.68055,4971
BOSCHLTD,18159,18108,51,0.28,294,585.68625,258481562,14.37812,41010
LT,197338,196818,520,0.26,6318,11151.53929,3193907573,290.58823,3821
RBLBANK,24769,24709,60,0.24,471,3194.66023,230768556,32.32181,363
BANKINDIA,37156,37073,83,0.22,743,1373.89564,410943364,48.31684,137
BANKBARODA,93262,93069,193,0.21,2700,2906.11561,1653791109,259.80347,243
LODHA,43414,43326,88,0.2,9932,8986.44375,6804967756,1086.49006,1248
TATASTEEL,132338,132076,262,0.2,1618,2900.96977,555434330,80.1933,184
BDL,41149,41069,80,0.19,810,1625.17896,275377152,53.32152,1250
DABUR,42816,42737,79,0.18,1428,3758.74837,400655912,38.49662,428
OIL,23099,23057,42,0.18,426,294.00392,232856750,16.0475,437
ADANIGREEN,79198,79055,143,0.18,1615,3865.69014,1012892100,71.421,1389
SOLARINDS,29193,29142,51,0.18,450,1251.19357,294195818,27.58318,18462
VOLTAS,37094,37031,63,0.17,672,1180.28812,219329973,31.34973,1309
FORTIS,20710,20676,34,0.16,115,535.07302,31908524,3.19524,941
MOTHERSON,36809,36749,60,0.16,1042,2661.92971,693298540,79.5484,147
JINDALSTEL,32431,32380,51,0.16,883,1942.59581,401698318,63.10818,1061
TECHM,63300,63205,95,0.15,7002,13108.93572,5457762072,704.62872,1616
TMPV,123411,123231,180,0.15,2547,4965.10784,876490352,116.18352,325
HCLTECH,146251,146042,209,0.14,8306,8487.74164,3562382072,708.46072,1317
NYKAA,22429,22397,32,0.14,145,623.10531,83630718,8.57281,327
RECLTD,48425,48358,67,0.14,1077,1412.10767,489159263,58.39013,368
CUMMINSIND,32236,32194,42,0.13,613,2883.06344,411235108,35.95108,5572
GLENMARK,40788,40735,53,0.13,436,992.33985,267687795,18.65295,2194
TIINDIA,13819,13802,17,0.12,89,288.3838,22304602,3.26602,2808
POWERGRID,55353,55287,66,0.12,760,1117.17986,306918267,26.04767,286
MPHASIS,29440,29406,34,0.12,3302,4871.22636,1720036881,329.47081,2416
CROMPTON,37150,37110,40,0.11,372,1164.40302,86455907,5.25782,249
NBCC,26059,26031,28,0.11,190,732.4382,46290660,0.9841,94
SUZLON,64890,64822,68,0.1,1812,2989.63588,974341333,121.76633,52
HYUNDAI,29897,29867,30,0.1,225,261.75578,98648055,16.22555,1986
PNB,66953,66886,67,0.1,1179,2569.6568,794420720,41.9672,111
KOTAKBANK,160533,160391,142,0.09,1376,3739.6422,714885420,40.8542,385
YESBANK,73869,73804,65,0.09,798,2756.60759,310877466,14.63566,22
LUPIN,24123,24103,20,0.08,321,1151.05776,213755275,17.48275,2406
AMBUJACEM,89724,89654,70,0.08,1482,1729.90716,603022668,47.98668,431
ADANIPORTS,69878,69826,52,0.07,1205,2359.26686,784097752,56.48752,1766
ASIANPAINT,64488,64442,46,0.07,1600,1195.0596,979029112,97.84112,2714
NMDC,78420,78365,55,0.07,329,1157.04787,73435950,10.0845,83
SHREECEM,18764,18751,13,0.07,283,1867.04981,5668380,0.1838,26860
SBILIFE,34985,34962,23,0.07,787,984.2478,454876473,38.26473,1873
MANAPPURAM,28598,28580,18,0.06,309,1964.0829,141249030,33.6903,359
ANGELONE,29479,29462,17,0.06,514,619.64375,354114675,29.64675,304
PHOENIXLTD,14155,14147,8,0.06,76,135.20356,41650773,2.31773,2027
ICICIBANK,259454,259311,143,0.06,4333,6224.80208,3807930399,181.09399,1444
SWIGGY,50975,50949,26,0.05,1869,3018.74107,607449461,139.95961,261
HDFCLIFE,76588,76551,37,0.05,691,1965.41851,228855957,18.70957,553
IEX,31667,31652,15,0.05,1554,3560.53024,527462208,112.54233,128
APLAPOLLO,22576,22567,9,0.04,103,239.37347,43538803,4.04803,1843
PRESTIGE,16695,16689,6,0.04,94,341.43768,36433215,4.15215,1640
360ONE,16914,16908,6,0.04,157,187.31415,72507000,5.97,1132
PGEL,26315,26306,9,0.03,451,1205.35905,132212687,7.23187,582
INDUSTOWER,91182,91156,26,0.03,5191,3926.00839,3060752743,249.35243,389
INOXWIND,28855,28850,5,0.02,264,737.01504,64385728,11.53728,78
BHARTIARTL,178920,178890,30,0.02,1668,1879.12612,1348984657,135.98157,1899
M&M,162087,162066,21,0.01,2449,2422.58756,1338612646,152.70646,3238
ADANIENT,93582,93571,11,0.01,2768,5048.0682,2126424012,220.32042,3012
ICICIPRULI,37209,37205,4,0.01,161,387.27687,37665574,3.18699,509
PIIND,30266,30264,2,0.01,114,229.64089,33341978,3.19478,2740
GMRAIRPORT,31447,31445,2,0.01,186,535.47563,87927756,5.31006,107
TITAN,79021,79017,4,0.01,2536,4227.62812,1705043863,166.78863,4753
NATIONALUM,50553,50551,2,0.0,776,1764.57525,330693168,43.96293,337
MUTHOOTFIN,40391,40390,1,0.0,823,2083.24391,489152760,52.9026,2988
DELHIVERY,29220,29220,0,0.0,249,1150.67278,131518459,24.53459,470
BAJAJHLDNG,7251,7251,0,0.0,19,16.3305,14036727,0.11727,10796
BAJAJFINSV,68596,68599,-3,0.0,1795,1118.08557,937199640,131.4564,1917
HDFCAMC,41413,41415,-2,0.0,201,543.00828,105211293,10.99893,2544
UNOMINDA,14110,14111,-1,-0.01,78,102.35885,39589286,3.85286,1156
LICHSGFIN,36022,36025,-3,-0.01,216,312.55,85417850,4.5285,553
HAVELLS,35233,35236,-3,-0.01,398,817.0546,168184955,7.19955,1235
TATACONSUM,50681,50686,-5,-0.01,1403,1126.65586,759552882,59.97882,1103
BLUESTARCO,20003,20005,-2,-0.01,9,15.97602,3081565,0.20065,1640
ETERNAL,132347,132363,-16,-0.01,5582,5352.27764,3542053988,520.78863,298
POLYCAB,56189,56196,-7,-0.01,1531,2196.1159,1557550602,118.13102,9020
KAYNES,39247,39252,-5,-0.01,679,878.63625,242835624,33.23124,3187
ZYDUSLIFE,17737,17740,-3,-0.02,155,781.32483,78934725,1.57725,1107
LTF,44284,44292,-8,-0.02,704,1310.31607,377850577,35.51827,310
UPL,36255,36263,-8,-0.02,123,381.14645,64548107,4.29507,608
DRREDDY,85931,85950,-19,-0.02,1337,1665.98506,816389412,82.83162,1144
SAIL,53135,53149,-14,-0.03,437,1164.84988,226682175,23.51175,162
SUPREMEIND,22759,22765,-6,-0.03,815,1086.07961,380702516,48.37516,3327
HINDALCO,124288,124322,-34,-0.03,1074,2042.29844,522581528,67.51528,942
PETRONET,27601,27609,-8,-0.03,152,441.427,35478985,4.66735,272
FEDERALBNK,64261,64280,-19,-0.03,577,1142.7245,401309775,35.22275,357
POLICYBZR,44060,44074,-14,-0.03,504,163.89404,262519036,11.04036,1553
PIDILITIND,21254,21261,-7,-0.03,479,879.6772,307114230,37.2423,1624
VMM,15844,15850,-6,-0.04,93,53.38589,43819653,1.06603,109
INDHOTEL,36867,36882,-15,-0.04,478,1210.9058,236473890,23.7889,738
NHPC,38282,38298,-16,-0.04,368,558.4047,153896213,4.81913,79
NAM-INDIA,16406,16413,-7,-0.04,324,844.16156,153944500,8.07,1165
GODREJPROP,41655,41673,-18,-0.04,830,1873.67804,373660426,39.85926,2082
MANKIND,18486,18494,-8,-0.04,129,134.1153,71805042,11.65042,2548
BHARATFORG,24189,24200,-11,-0.05,292,742.31715,249054565,33.44565,2168
IDEA,122649,122711,-62,-0.05,1027,3659.18406,636653556,132.48606,13
JSWSTEEL,77029,77074,-45,-0.06,274,583.25258,175292768,11.15768,1250
MARICO,18781,18792,-11,-0.06,165,465.56544,123542928,5.24928,862
BPCL,40674,40698,-24,-0.06,626,865.33064,308868551,39.08801,318
AXISBANK,232075,232215,-140,-0.06,3304,5054.35625,2088003875,151.91375,1229
PAYTM,78946,78995,-49,-0.06,4065,10609.08479,2865489043,337.98543,1306
SIEMENS,32881,32902,-21,-0.06,1301,1876.97027,659471543,74.04043,3644
MOTILALOFS,19820,19833,-13,-0.07,187,328.58496,98689337,7.52587,862
ITC,198347,198479,-132,-0.07,4643,5189.00924,1825789162,218.12625,286
UNITDSPR,40352,40379,-27,-0.07,736,482.64856,397046964,46.22964,1486
MAXHEALTH,32304,32326,-22,-0.07,700,697.64703,346091266,38.96266,1115
PREMIERENE,18811,18825,-14,-0.07,103,242.62797,50081804,1.29304,1034
KEI,19872,19887,-15,-0.08,160,499.60256,91968537,10.64787,4846
SBIN,237290,237471,-181,-0.08,6162,6134.57145,4189336755,448.06755,1018
SONACOMS,26750,26772,-22,-0.08,367,959.15932,227917522,27.62522,716
SUNPHARMA,105208,105299,-91,-0.09,3843,3119.62147,2368723441,218.54441,1975
ALKEM,15983,15997,-14,-0.09,306,147.64368,200666742,7.97992,5623
AUBANK,43217,43256,-39,-0.09,903,1075.0246,846005090,61.3509,1052
ICICIGI,33990,34021,-31,-0.09,200,87.4977,105725555,16.28055,1678
BANDHANBNK,84251,84331,-80,-0.09,1283,1530.9,691389828,107.19828,168
EICHERMOT,89802,89890,-88,-0.1,1329,665.44694,983613189,95.03189,7784
APOLLOHOSP,31565,31596,-31,-0.1,264,310.99046,266108096,23.51846,8856
ONGC,82172,82257,-85,-0.1,2696,1159.3431,1327295902,102.41527,238
DIVISLAB,76956,77038,-82,-0.11,1692,2557.4374,1023018728,84.28728,7397
DLF,76311,76395,-84,-0.11,1761,3931.37189,706059019,87.49519,651
CAMS,17236,17255,-19,-0.11,385,402.08668,213031714,18.72964,788
IOC,56112,56174,-62,-0.11,658,1223.11897,333065411,28.15848,142
ASHOKLEY,60412,60481,-69,-0.11,1278,3463.7135,670224650,66.8715,155
VEDL,108684,108812,-128,-0.12,1850,1248.68495,464632763,43.56763,263
PAGEIND,22766,22794,-28,-0.12,320,367.42298,227472360,2.0236,39965
ASTRAL,31088,31128,-40,-0.13,901,2051.92613,356251524,33.57024,1461
JIOFIN,139101,139281,-180,-0.13,2758,5415.67746,1030945446,64.92321,236
SRF,57340,57423,-83,-0.14,972,571.55426,477600398,40.78398,2644
IRFC,42797,42860,-63,-0.15,618,495.00846,263852090,8.31815,88
UNIONBANK,50351,50426,-75,-0.15,504,1318.49955,245764721,12.72408,169
IREDA,30773,30822,-49,-0.16,157,412.86145,47025519,7.16669,120
KPITTECH,42912,42982,-70,-0.16,2669,2866.59046,980405628,202.50378,589
DMART,55598,55689,-91,-0.16,809,351.2509,461988640,27.4114,4037
TVSMOTOR,104147,104318,-171,-0.16,1245,1775.38396,678244292,57.85792,3888
NUVAMA,6032,6042,-10,-0.17,705,180.59025,665420200,35.302,1896
INDUSINDBK,93823,93980,-157,-0.17,2339,2005.61193,1461406618,140.09618,994
BHEL,68140,68258,-118,-0.17,2782,3369.50722,2758382313,461.07626,409
COCHINSHIP,31499,31555,-56,-0.18,328,346.84632,153041340,9.7734,1400
HINDZINC,51151,51245,-94,-0.18,1297,2062.5151,657364877,82.37377,528
DIXON,127572,127810,-238,-0.19,4930,2055.79564,3279526211,121.61211,13746
TRENT,109056,109264,-208,-0.19,1729,1318.14418,1038025030,79.48694,2932
ADANIPOWER,77778,77928,-150,-0.19,1369,3455.76667,721773575,58.45075,212
ULTRACEMCO,71362,71500,-138,-0.19,1218,875.66533,645741615,45.26615,11920
LAURUSLABS,50208,50309,-101,-0.2,4665,9557.43111,5936013811,669.67811,1719
FORCEMOT,30655,30717,-62,-0.2,1216,588.17856,488480751,30.05751,17214
LICI,32831,32898,-67,-0.2,447,1612.00662,107655184,15.10684,426
GRASIM,64658,64797,-139,-0.21,374,194.9525,276265472,10.90472,3120
SHRIRAMFIN,67474,67638,-164,-0.24,3763,6165.65375,2644003164,307.99164,1044
MARUTI,140407,140749,-342,-0.24,7235,2158.07189,4799958964,222.83964,13722
WAAREEENER,67558,67723,-165,-0.24,1744,3901.86128,462000309,67.99059,2741
HEROMOTOCO,65855,66016,-161,-0.24,1899,2218.3063,1262754907,132.47407,5132
INDIANB,31778,31856,-78,-0.24,549,665.3803,399169600,20.0835,832
BIOCON,38369,38468,-99,-0.26,734,1517.70825,662188900,60.139,436
CGPOWER,47486,47609,-123,-0.26,4171,6874.33862,2499715292,288.92792,857
BRITANNIA,29416,29496,-80,-0.27,555,988.02013,279544810,29.0731,5425
AMBER,40366,40484,-118,-0.29,787,524.77596,545991132,18.71132,7283
RVNL,41107,41234,-127,-0.31,496,777.10382,145323235,21.03235,223
HAL,73165,73397,-232,-0.32,3486,3712.27528,2049000037,258.52537,4595
GODREJCP,27087,27182,-95,-0.35,419,526.1081,168382190,17.0219,1083
CONCOR,31758,31879,-121,-0.38,3394,3164.35862,1903397550,345.663,517
BAJAJ-AUTO,102987,103400,-413,-0.4,2806,1701.55433,2188922082,102.39582,11192
HINDPETRO,41143,41314,-171,-0.41,782,1294.04344,503998038,71.03538,396
OBEROIRLTY,33254,33395,-141,-0.42,447,416.94446,256842687,2.29687,1832
JSWENERGY,36257,36414,-157,-0.43,930,1201.02149,438061382,28.53007,545
MCX,85289,85659,-370,-0.43,2142,2508.80388,1119615471,164.51721,2753
BSE,103985,104440,-455,-0.44,4315,4083.72664,2754297714,197.87714,3526
LTM,40110,40297,-187,-0.46,4810,8444.65071,2251524127,341.11627,4301
NESTLEIND,50690,50928,-238,-0.47,2568,3012.2443,1570273635,141.08635,1462
JUBLFOOD,32067,32230,-163,-0.51,1165,1942.7455,441502762,50.46512,432
NAUKRI,43904,44131,-227,-0.51,2125,3673.53855,1049790769,105.82269,1215
ABB,47362,47619,-257,-0.54,2382,6133.58565,1599114671,129.27171,7225
MAZDOCK,47709,47969,-260,-0.54,2050,1767.23361,937153194,42.53694,2314
SBICARD,54267,54599,-332,-0.61,2381,2063.25592,1048428312,133.40312,654
POWERINDIA,47044,47340,-296,-0.63,5612,5595.41204,3915120749,308.45749,30970
CDSL,50080,50406,-326,-0.65,1244,1988.9865,619187960,42.6246,1330
KALYANKJIL,80507,81034,-527,-0.65,2806,4235.42155,1717896640,215.4064,567
PATANJALI,53641,54006,-365,-0.68,2496,1561.58886,793785170,103.4667,347
WIPRO,166202,167370,-1168,-0.7,9219,11907.8598,3833355270,821.5527,179
INDIGO,97500,98201,-701,-0.71,6101,1972.36275,4599734895,356.47395,5246
EXIDEIND,19306,19462,-156,-0.8,723,601.97904,507671838,30.14838,427
CIPLA,61226,61731,-505,-0.82,6641,3981.07967,3690890587,383.21587,1436
DALBHARAT,18006,18162,-156,-0.86,516,255.70707,290747122,34.53622,1828
COLPAL,28647,28939,-292,-1.01,1608,1873.86584,776835666,114.66666,2155
TATAELXSI,64791,65638,-847,-1.29,4064,3235.51295,1544089846,188.27346,3598
KFINTECH,24674,25106,-432,-1.72,3434,1419.2265,1765596167,196.37417,956
PERSISTENT,69223,70644,-1421,-2.01,8665,7435.12265,5090010055,1079.66305,5369
OFSS,47874,48908,-1034,-2.11,8271,7543.01908,8692082637,1103.92637,11340
RADICO,9476,9705,-229,-2.36,1328,2550.76255,582871179,106.21179,4140
